0,1,2,3,4,5,6,7,8,9,10,11,12,13,14,15,16,17,18,19,20,21,22,23,24,25,26,27,28,29,30,31,32,33,34,35,36,37,38,39,40,41,42,43,44,45,46,47,48
13.195175,21.024826,9.830911,-2.3547275,-22.175539,-16.438494,15.498325,25.705544,41.262844,17.336199,-3.9944308,-47.17449,-56.138493,2.5144138,32.29549,56.810528,34.410854,12.378666,-28.587475,-51.771263,-8.14304,24.994888,50.763603,48.895546,39.319317,16.615046,-5.730687,2.5694103,8.843321,28.812315,38.378998,37.517002,27.664223,14.837686,10.129722,-5.3326755,4.2412753,9.963184,8.613336,4.740507,2.4655025,5.2504663,-6.4500356,-8.520727,-9.032836,-9.416384,-9.419213,-7.5976834,-2.2141812
-1.5999298,4.3588696,7.4572997,8.633302,8.9488945,9.538003,8.409226,-6.8237696,-2.7103596,-0.669713,1.4071684,2.5646615,4.3998055,8.778709,-8.806575,-5.6067815,-4.4290643,-2.8679175,-1.5573589,1.1654112,7.3732243,-9.193776,-5.0708537,-3.0173395,-2.6402066,-2.0999193,0.98733056,7.3259435,-9.652337,-5.327545,-2.6146295,-2.6039717,-2.3959541,0.7123419,7.0951147,-9.097217,-7.4248915,-5.255843,-5.129348,-4.9049206,-2.0374317,4.391998,-6.517619,-8.710954,-9.168033,-9.19971,-9.076166,-7.3962564,-2.1506994
-1.7616794,4.7850885,8.038023,8.322282,8.419683,9.342625,8.224829,-6.116076,-4.259892,-0.9542444,2.9071145,3.182129,4.4516625,8.645088,-1.9577364,-14.075653,-16.17244,-0.953484,2.3851633,1.4774189,7.2762785,7.5035706,-14.210687,-27.73364,-6.056787,2.9082844,1.346357,7.1718016,11.01735,-3.992865,-19.87021,-7.7781434,-0.22315253,0.8959474,6.9097295,3.5801828,1.6628284,-5.567061,-6.1640344,-4.950892,-1.9732665,4.271675,-3.7940166,-4.4587884,-7.0791807,-9.584119,-9.393364,-7.2511325,-2.1090524
-1.8033988,4.909123,8.238484,8.517526,8.614383,9.583201,8.471407,-7.6226883,-1.9070296,1.4861934,1.7838912,1.9996997,4.4601297,8.894432,-9.963641,-5.5183034,-2.3984675,-2.1186893,-1.8568832,1.1935349,7.4756875,-10.086524,-5.7724657,-2.6703746,-2.3870573,-2.1233122,0.9628829,7.3648944,-10.025288,-5.968549,-2.9392123,-2.6570015,-2.3919232,0.68069106,7.108553,-9.193647,-7.6058264,-5.378673,-5.166322,-4.9189973,-2.0424683,4.413179,-6.540548,-8.751894,-9.221903,-9.255822,-9.125171,-7.428137,-2.1561
9.516281,15.863857,-11.337359,-16.569218,10.308484,15.298075,8.860694,15.886862,29.313938,-21.99556,-49.311325,-7.0381813,14.213243,9.973315,17.639454,37.743416,-4.696456,-44.570747,-17.340132,5.218952,8.283724,10.410099,30.278664,18.0908,-7.2610006,-7.308107,0.42892942,7.2511754,-2.424309,12.748478,16.721222,7.6710386,-0.70846087,-0.027994845,6.755886,-8.289207,-3.5074272,-0.17378372,-2.1074371,-4.389032,-2.1567593,4.236598,-6.358272,-8.500594,-8.952014,-8.983657,-8.856328,-7.2129345,-2.1001608
-0.4140185,10.122961,8.23416,-1.7883592,3.9963675,12.435665,9.52046,-4.2464666,12.489652,7.3746443,-20.197405,-14.782125,7.860061,11.545377,-6.0458775,14.074483,13.59591,-18.110716,-21.301281,0.43083146,9.678203,-7.5720615,8.709117,15.083674,-0.25247312,-7.3524947,-0.29248887,7.523826,-9.174831,-0.15613513,6.948812,4.8956857,0.032078054,0.387498,6.6271772,-8.863425,-6.325918,-3.0019786,-2.9772933,-4.218026,-2.1855814,4.146364,-6.366291,-8.504609,-8.947027,-8.971867,-8.84379,-7.20597,-2.10433
0.13976946,5.3471684,3.8654792,6.3055463,10.1176,10.093938,8.26158,-3.6177921,1.0696056,-5.7601686,-4.2271748,3.4154391,5.600065,8.69654,-5.6247654,-0.27266592,-6.3669405,-7.2566237,-1.7455363,1.7715777,7.284986,-7.657046,-1.7017384,-1.7130853,-3.113218,-2.4239872,0.87996566,7.1184325,-9.213643,-4.2108297,-1.6090043,-2.3661728,-2.620268,0.50038576,6.847009,-8.865694,-7.2385907,-5.1421094,-5.109815,-4.8857837,-2.0378678,4.250267,-6.3353815,-8.465602,-8.908732,-8.937898,-8.817807,-7.191709,-2.0984817
-1.438428,5.5280385,6.992986,7.040143,9.143146,10.258643,8.5035515,-6.8892455,-0.07886396,-0.25981224,-2.051269,1.8764619,5.5991044,8.947261,-9.205716,-2.9596927,-2.819524,-5.327538,-2.584282,1.7717626,7.508885,-9.673191,-4.100358,-1.7719051,-2.8724365,-2.4553182,0.95750666,7.3553715,-9.873892,-5.327393,-2.2850316,-2.4960442,-2.539995,0.58177817,7.0888085,-9.147541,-7.514811,-5.3134537,-5.2012224,-4.9873433,-2.0656834,4.409218,-6.5189285,-8.716492,-9.181481,-9.221791,-9.101853,-7.4143987,-2.150567
11.93974,0.8299436,-18.912579,-0.37113357,16.506458,12.118694,8.458514,24.478535,4.14908,-48.61225,-29.106064,10.737931,10.209687,8.867243,30.992826,21.695812,-41.32378,-37.315968,-0.9904433,4.986269,7.4422545,22.891514,30.031618,-2.9478762,-12.546743,-3.6336646,1.5094997,7.3330035,6.4202533,17.952005,12.842892,1.9420089,-2.7176802,0.3099409,7.072301,-6.6068945,-1.1882198,-0.20336333,-3.716986,-5.161468,-2.1968951,4.3831224,-6.5252347,-8.739187,-9.231693,-9.276744,-9.117311,-7.404485,-2.1507351
-1.5844723,6.6552544,8.284188,4.331294,6.921124,10.836868,8.709608,-7.1277432,1.7384633,3.5692296,-4.9400325,-2.576177,5.9357076,9.411136,-9.420327,-1.4814517,1.5313255,-5.780022,-5.564734,1.4949768,7.7048106,-9.670004,-3.5448418,0.3742115,-1.8063504,-2.6420126,0.6908308,7.149329,-9.6805935,-5.1698685,-1.713694,-1.8037456,-2.318973,0.39861342,6.805815,-8.904716,-7.332476,-5.1583467,-5.029516,-4.89858,-2.081334,4.2369533,-6.336499,-8.468824,-8.914708,-8.945286,-8.824322,-7.195622,-2.099882
1.515494,17.146965,21.039389,-7.380113,-23.578907,-0.47899318,15.030161,-1.2040337,24.854414,34.204487,-12.839902,-45.052605,-16.931675,12.478726,-3.2916546,25.983423,39.989,1.6961063,-30.061714,-14.217066,7.5710196,-6.1657124,18.072172,32.30117,18.730152,0.76151425,0.10791315,7.416816,-8.976782,3.45254,15.282174,15.212853,7.633676,3.2443347,7.046695,-9.066952,-5.8567095,-1.5008972,-1.0288053,-2.9612758,-1.8890191,4.2744436,-6.5288534,-8.731153,-9.213432,-9.285454,-9.184592,-7.477913,-2.168938
1.803327,11.906823,9.56355,-3.973514,-3.3619068,9.755825,11.487195,-0.6238484,15.61908,9.927305,-16.56757,-23.057314,-1.7789614,12.814752,-2.3953602,16.555574,16.915386,-7.3714128,-20.425125,-6.56767,8.778732,-5.861626,9.328718,17.047537,8.096258,-2.3407125,-0.5882624,7.1508255,-8.859926,-0.15302385,7.1082997,6.595732,2.0718043,1.3668954,6.8050437,-9.071211,-6.754279,-3.6769254,-3.5017843,-4.215504,-2.1006496,4.270424,-6.517724,-8.711709,-9.169623,-9.201553,-9.076924,-7.395529,-2.1497083
-1.7473636,4.785448,7.9650545,8.210585,8.353953,9.350451,8.2490015,-7.4010253,-1.8270618,1.374761,1.5832762,1.863114,4.372893,8.689736,-9.648418,-5.2881794,-2.3403378,-2.199373,-1.9252418,1.1521661,7.298589,-9.768881,-5.5213313,-2.5398784,-2.3828208,-2.1747885,0.86785984,7.1389394,-9.719937,-5.743864,-2.8009293,-2.6033547,-2.4048655,0.5756176,6.8531237,-8.917713,-7.3748794,-5.210876,-5.0307593,-4.8159046,-2.0306227,4.244624,-6.341458,-8.474627,-8.917747,-8.945373,-8.824217,-7.197562,-2.102015
-1.7495855,6.036117,9.732353,5.9596834,5.3717065,10.236588,9.455184,-7.496966,1.2758762,7.16435,-2.9755979,-8.56861,3.2776234,11.091386,-9.792988,-1.2317709,7.024402,-3.2748802,-13.145925,-2.4415157,9.046444,-9.945311,-2.7387958,5.2277336,1.8198076,-4.3937984,-0.6168361,7.4633455,-9.938739,-4.811686,0.5815497,1.2747047,-0.53891695,0.7005848,6.836062,-9.150528,-7.3845367,-4.703421,-4.2964287,-4.5328264,-2.157216,4.2839656,-6.518361,-8.714136,-9.175961,-9.214126,-9.097058,-7.4170284,-2.1566477
12.75854,3.0028276,-20.930277,-3.3651397,16.979856,12.661817,8.468598,23.912777,8.381405,-46.70787,-31.442389,9.49406,10.440497,8.879472,28.18584,24.058111,-34.51085,-34.60994,-1.8339128,4.7010856,7.4536357,19.339481,28.09579,1.0358199,-9.559124,-3.6114273,1.3294328,7.3573775,3.2243397,14.4159975,11.417345,1.7129688,-2.752775,0.34066412,7.1256146,-7.676715,-2.9669678,-1.5403376,-4.15758,-5.1411757,-2.1527574,4.4352217,-6.5533075,-8.778395,-9.255999,-9.286203,-9.145632,-7.4407916,-2.1570065
2.2549634,4.698583,3.4737294,7.606755,5.9027834,6.5666633,10.274214,4.160805,1.7865343,-10.417667,-3.6715488,-5.1912804,-6.1156187,9.838629,6.7660146,6.88933,-9.058137,-5.887392,-7.787289,-10.280364,5.750576,2.7178345,9.449368,4.0821466,3.4946096,0.22262968,-1.4515129,6.560968,-5.137105,3.020868,5.874547,4.514222,2.0374806,2.161377,7.0725923,-8.66259,-5.5050373,-3.0701215,-3.5767894,-3.9990954,-1.8295828,4.2607923,-6.526476,-8.732801,-9.201136,-9.230286,-9.091842,-7.4000363,-2.1508932
-1.7713308,4.6695166,7.9407334,8.282217,8.386615,9.302032,8.2094145,-7.397826,-2.0279877,1.2826995,1.7030782,1.952644,4.306112,8.605976,-9.553025,-5.4667344,-2.4897928,-2.1132407,-1.8039368,1.1321778,7.217825,-9.669466,-5.568075,-2.6416974,-2.3527372,-2.0624058,0.9322555,7.126515,-9.658494,-5.707526,-2.8246439,-2.5821543,-2.3170865,0.67807055,6.9022455,-8.9090605,-7.35928,-5.2035356,-5.0118537,-4.7732286,-1.970207,4.292198,-6.3485084,-8.489037,-8.9406185,-8.975326,-8.854112,-7.2138014,-2.100235
-1.806419,6.6983047,11.989666,5.5342083,1.3859121,9.500953,10.4922905,-7.63806,2.0829725,12.16943,-1.2334849,-15.295254,-0.11134834,12.395,-9.981238,-0.73719394,12.293983,1.1604286,-16.561789,-5.3834596,9.438652,-10.095326,-2.751373,7.9317203,5.43893,-3.6554267,-0.9566337,7.3186164,-10.028802,-4.9390306,1.296691,2.723087,0.51345325,0.8818154,6.6191506,-9.196048,-7.4345045,-4.6077323,-4.043585,-4.3436646,-2.2255592,4.0865107,-6.542857,-8.733238,-9.154472,-9.128933,-8.957906,-7.294298,-2.151635
-1.7610135,4.5551996,7.938444,8.471774,8.476216,9.316972,8.255917,-7.0340667,-3.2432492,0.22431876,2.3000772,2.46112,4.3016586,8.699431,-8.6869545,-7.1828136,-5.044231,-1.9209982,-1.1594174,1.0884019,7.305159,-8.480719,-6.2360992,-4.452049,-2.6093624,-1.8307223,0.8505331,7.143951,-9.032106,-5.3187785,-3.0405593,-2.7676213,-2.4024246,0.5758475,6.8531837,-8.707547,-7.074643,-5.2157407,-5.141745,-4.8648257,-2.0419042,4.239237,-6.338726,-8.487163,-8.952686,-8.978069,-8.842346,-7.2058086,-2.1061344
-1.1556357,3.8411622,6.661294,8.915567,9.431188,9.6545925,8.466398,-5.489993,-3.4787705,-3.072422,1.3598136,3.3950145,4.579179,8.874036,-6.976052,-5.6858473,-6.8187723,-3.382998,-1.0391136,1.2770653,7.4352655,-8.018911,-4.4327292,-3.558092,-2.9480135,-2.0995164,0.9684334,7.315698,-9.33194,-4.884432,-2.533064,-2.7891555,-2.548507,0.65179336,7.0647736,-9.078946,-7.4087353,-5.3265624,-5.2324166,-4.955908,-2.0491579,4.388086,-6.5176506,-8.711322,-9.168149,-9.1985655,-9.072624,-7.3913736,-2.1473417
0.25445172,8.539269,4.3704786,1.9892889,9.0622225,11.44465,8.633697,-2.8730898,8.724746,-3.624788,-15.6300335,-1.5874912,8.164063,9.292393,-4.3975906,9.984878,-0.7571882,-17.939003,-8.340589,3.0165267,7.8088384,-6.638241,6.010151,5.3128405,-4.2703056,-4.2005506,0.88338727,7.395958,-9.054778,-1.1110659,3.1172922,0.7226763,-1.8801591,0.3742746,7.038065,-9.0592575,-6.7153645,-4.049858,-4.371405,-4.901042,-2.144791,4.3726945,-6.5174627,-8.710987,-9.1682415,-9.199816,-9.0753355,-7.3945684,-2.1494498
-1.8077909,4.919047,8.265414,8.5496235,8.632585,9.58714,8.471319,-7.6412454,-1.9174285,1.499593,1.8083769,2.0083916,4.4568524,8.895552,-9.985456,-5.5492506,-2.4136212,-2.1296976,-1.8851181,1.1648463,7.471776,-10.097151,-5.7914567,-2.6826522,-2.4121892,-2.1766806,0.9118575,7.3492336,-10.023665,-5.9596386,-2.9193947,-2.6551518,-2.4297006,0.6312215,7.082414,-9.185159,-7.584864,-5.340998,-5.1345077,-4.9192266,-2.0646029,4.391944,-6.5314837,-8.730666,-9.186136,-9.212769,-9.090672,-7.4116793,-2.155178
-1.2729652,5.892165,6.804271,6.9701114,9.670842,10.833512,8.951839,-5.9473376,1.8090936,-2.337928,-5.619081,1.9067045,6.7311587,9.479675,-7.7609606,0.96438026,-4.1994467,-11.3674555,-4.3160295,2.675751,7.960496,-8.576951,-0.03416259,-0.2217707,-5.1883774,-3.752661,0.99135494,7.64334,-9.761786,-3.4449856,-0.1769904,-1.6858145,-2.782105,0.2823094,7.2603297,-9.348143,-7.2370057,-4.762523,-4.9855614,-5.216331,-2.260613,4.5184326,-6.69448,-8.935062,-9.390863,-9.43272,-9.344163,-7.6371684,-2.2086518
-1.5518565,5.355856,7.3143907,7.332964,8.930532,10.083029,8.495843,-7.018942,-0.3062404,0.014226366,-1.6809312,1.7396003,5.4241014,8.934875,-9.283791,-3.0413022,-2.7642956,-5.487602,-2.7696123,1.7229202,7.4903626,-9.647314,-3.9221835,-1.6785036,-3.0272436,-2.5359855,0.9410402,7.3336186,-9.852356,-5.176176,-2.0711794,-2.3187983,-2.4751465,0.5598212,7.060244,-9.13527,-7.4455123,-5.2021437,-5.1119494,-4.959189,-2.0741322,4.3834796,-6.5172834,-8.710147,-9.1666,-9.197537,-9.073042,-7.39224,-2.1479015
-1.7654485,4.7747116,8.0273285,8.3227415,8.445446,9.406165,8.3002205,-7.443048,-1.8942709,1.3723042,1.6427431,1.9079897,4.3923907,8.745985,-9.691242,-5.408778,-2.4508195,-2.275237,-1.9897628,1.1172458,7.3297224,-9.78184,-5.5955863,-2.6497002,-2.508077,-2.289474,0.81130254,7.146226,-9.707969,-5.7400126,-2.819529,-2.639883,-2.4550393,0.54792863,6.854149,-8.900808,-7.332598,-5.163972,-5.0002527,-4.8142047,-2.038728,4.2411942,-6.336543,-8.468037,-8.913965,-8.947051,-8.830271,-7.203838,-2.1053932
-1.0784856,4.402469,7.238531,6.9691267,7.139125,9.863343,8.866268,-4.659739,-1.5476326,-0.6603792,-2.6218863,-3.187966,4.182168,10.069132,-5.3705893,-2.424539,-2.5158157,-6.2001557,-8.412605,-0.3991657,8.346793,-6.3642797,-1.0750738,1.3253324,-1.315106,-3.8333707,0.13783045,7.2391553,-8.45109,-2.9255848,0.63974655,-0.07444706,-1.499378,0.5418234,6.705876,-8.740358,-6.7761045,-4.495537,-4.497114,-4.6571507,-2.1064777,4.1907754,-6.34648,-8.4871,-8.935279,-8.960982,-8.833032,-7.1999965,-2.1022408
8.117238,0.7653055,-10.584644,3.7783468,14.09483,11.019519,8.416131,14.796899,-0.9522533,-33.549763,-15.996616,8.033072,7.3992634,8.78607,18.21979,9.81347,-27.310268,-21.210463,-0.61419374,3.0096054,7.3730974,12.000898,15.331058,-1.6987383,-6.7854486,-2.7548652,1.1965592,7.319154,-1.3088282,7.0458097,5.694404,-0.427596,-2.7621994,0.5113436,7.0948825,-8.396626,-4.837272,-3.2689943,-4.7894287,-5.109333,-2.1030014,4.406965,-6.5229707,-8.719934,-9.180579,-9.214744,-9.090447,-7.4046874,-2.1487439
-1.0148755,3.9754758,6.133904,8.304432,9.211254,9.404466,8.217859,-5.705215,-2.39029,-2.3676562,0.6336994,2.9619923,4.4624023,8.627763,-7.742456,-4.6628532,-4.888517,-3.3177562,-1.4676654,1.2099897,7.236264,-8.749368,-4.402095,-2.6342204,-2.623665,-2.1856005,0.89589983,7.1128283,-9.445743,-5.1528873,-2.537929,-2.6432729,-2.446591,0.60162336,6.857089,-8.912176,-7.3164215,-5.180635,-5.0349197,-4.8025255,-2.0085053,4.2544994,-6.3615847,-8.490617,-8.92342,-8.943935,-8.819645,-7.19232,-2.0989304
-1.2245533,3.2500334,6.553186,8.897372,9.058842,9.35214,8.246767,-5.514519,-4.3800597,-2.754128,1.7974027,2.9940133,4.3715553,8.679932,-6.933459,-6.446909,-6.179813,-2.7859986,-1.307081,1.1474326,7.283379,-7.89897,-4.661018,-3.230548,-2.718494,-2.1565824,0.8668656,7.129084,-9.087365,-4.857216,-2.5316827,-2.715543,-2.4863853,0.5842943,6.8531666,-8.836114,-7.244447,-5.1952734,-5.0682435,-4.82453,-2.0199564,4.249081,-6.335117,-8.465169,-8.908763,-8.93896,-8.819851,-7.1940346,-2.09988
36.810734,46.167923,-30.554981,-59.700436,-12.5836315,15.280433,16.996721,62.24733,94.46787,-19.010933,-100.181015,-63.074272,-15.152209,16.92695,62.69027,111.67554,36.99181,-53.280556,-60.05936,-32.961792,5.490468,40.046776,83.76913,76.754585,26.96724,-4.95685,-10.826057,4.615264,13.607443,39.301315,53.591564,42.81526,19.522648,6.1333766,7.0041413,-4.734299,6.041864,12.966205,10.026967,3.129503,0.17191944,4.1227126,-6.367252,-8.483414,-8.944247,-9.067947,-8.997062,-7.320986,-2.1676793
4.4842167,9.248287,-3.2468388,-1.0946922,11.669564,11.826433,8.276405,5.9339285,12.427491,-16.886595,-22.39349,2.5913696,9.259113,8.731065,6.0523353,17.326807,-10.452446,-23.94351,-5.183635,3.9692283,7.3499045,0.17370798,13.100984,4.3051195,-5.968707,-3.5612614,1.1711974,7.202316,-6.552848,2.5846632,5.0400167,0.70527077,-2.2558653,0.38686648,6.9461713,-8.663408,-5.9284596,-3.5844517,-4.4497385,-4.9430747,-2.0645328,4.332011,-6.359418,-8.528255,-9.014951,-9.065645,-8.93417,-7.2622457,-2.1055276
-0.22346778,7.9353037,5.122361,2.5057118,8.493108,11.121768,8.506561,-3.9248693,7.0887337,-1.8754339,-13.167975,-1.819407,7.6721354,9.235077,-5.691083,7.3708296,0.040253427,-15.206466,-7.8208604,2.7412765,7.75055,-7.4128757,3.715901,4.294622,-3.6932886,-3.9195383,0.810453,7.22734,-9.1235695,-2.0797913,1.9691976,0.10254975,-2.042663,0.28383675,6.813873,-8.844276,-6.7639194,-4.279564,-4.498807,-4.865844,-2.137966,4.225847,-6.3447604,-8.480192,-8.923684,-8.949186,-8.825407,-7.1972394,-2.1023173
-0.9958453,8.285822,7.8758006,2.0711336,6.344657,11.743004,9.287239,-5.4943132,8.131646,4.8179793,-14.733983,-9.266111,7.666659,10.998971,-7.453383,8.851738,8.607637,-15.959052,-17.07622,1.106884,9.440388,-8.475309,5.2897983,10.6922245,-2.0025442,-7.1947885,-0.08475819,7.753422,-9.589233,-1.4703876,4.8102503,2.964647,-0.8597112,0.34693092,6.919189,-9.11669,-6.672797,-3.4665709,-3.4383433,-4.4746723,-2.2204754,4.3246546,-6.532951,-8.7187605,-9.167129,-9.206572,-9.109018,-7.4336805,-2.1590686
2.174503,15.722011,14.099101,-13.991848,-10.394667,14.153696,12.745766,-0.46399292,22.795517,22.511232,-29.420591,-37.76249,3.5364826,15.415442,-2.7371075,24.310219,32.55756,-14.710087,-33.278095,-4.539338,11.143132,-6.1978636,15.637217,27.602064,9.443192,-5.8326344,-1.1686083,7.4084153,-9.043603,2.0870116,12.119509,10.468825,2.9752655,0.8638755,6.614398,-9.080796,-6.305569,-2.509488,-2.2938237,-3.8390288,-2.1852722,4.2363605,-6.516944,-8.70949,-9.165784,-9.197158,-9.074006,-7.39467,-2.149914
6.9414167,23.423544,18.722958,-24.818773,-23.339083,13.203012,15.528496,9.815711,41.217957,41.793945,-45.850002,-68.04515,-5.738867,17.154192,9.551295,47.7599,64.22804,-21.936323,-62.404575,-17.395676,7.932012,2.4552224,35.84252,56.962734,21.918934,-9.208476,-3.0963264,6.7277336,-5.927644,15.004556,31.771805,30.0081,14.982274,6.048717,7.969078,-8.772454,-2.785286,4.7083406,5.4968863,1.0727721,-0.48615012,4.62477,-6.4983525,-8.679933,-9.143814,-9.232986,-9.1813755,-7.4842606,-2.172025
-1.0663536,5.7957263,6.169791,6.5273933,9.401622,10.32492,8.488447,-6.1136928,0.87141794,-1.7115053,-3.5551453,2.054131,5.7176714,8.918976,-8.3812275,-1.4723799,-3.5047991,-6.607666,-2.6692502,1.8079475,7.4845777,-9.247253,-3.0095909,-1.2970607,-2.8670502,-2.4692407,0.94309485,7.349635,-9.804104,-4.8818955,-1.7931683,-2.2145514,-2.4869382,0.57847434,7.0852714,-9.166242,-7.470882,-5.240711,-5.1540246,-4.969067,-2.066286,4.3984184,-6.5443974,-8.746799,-9.203623,-9.230649,-9.0999775,-7.4098363,-2.1520586
1.4604534,-3.7321663,1.4490347,11.935727,10.30742,6.8928137,8.490815,3.666925,-16.330362,-17.21519,5.0814686,6.437849,-1.8019593,6.5183854,7.9311523,-14.4474745,-20.135542,-0.39854258,3.1909337,-4.016881,4.3363876,5.815136,-6.9036694,-7.705843,0.6777552,1.3171079,0.4468159,6.6489897,-0.41876802,-5.3225703,-2.9770627,-0.4030041,-0.8198783,1.4958708,7.143312,-5.435673,-6.695209,-5.542614,-4.907618,-4.5902243,-1.9288306,4.227044,-5.422161,-8.233996,-9.262256,-9.265357,-8.8891735,-7.225482,-2.1045563
-1.8062426,4.917509,8.2707,8.519303,8.486794,9.433076,8.473552,-7.633007,-1.9049821,1.535354,1.8003641,1.780858,4.107962,8.810805,-9.969361,-5.4937882,-2.2725015,-1.9852535,-1.962711,0.86953026,7.3425446,-10.092964,-5.707947,-2.4799426,-2.1546314,-2.0288537,0.8772949,7.3114367,-10.04326,-5.9101543,-2.775543,-2.4460623,-2.232834,0.7258054,7.1161523,-9.222095,-7.60131,-5.3272576,-5.0958753,-4.873366,-2.0283039,4.4185925,-6.5631003,-8.777608,-9.238924,-9.264989,-9.133208,-7.436033,-2.1590922
-1.8077797,4.9300194,8.278529,8.507969,8.515827,9.461739,8.414907,-7.59512,-1.4952567,1.6459743,0.6154312,1.236788,4.900448,9.138204,-9.806083,-3.106645,-0.2718512,-6.9508624,-6.6645656,2.199604,8.831852,-9.8144455,-1.7486377,2.6638951,-7.6779175,-10.846265,0.34970155,8.87303,-9.757081,-2.140786,3.7124045,-2.7432272,-6.9740424,-0.45300233,7.625098,-9.050039,-5.8310304,-1.4273205,-2.3058486,-4.389093,-2.2896178,4.3122187,-6.4912167,-8.469666,-8.536453,-8.579204,-9.052206,-7.6131754,-2.2548633
15.684794,25.871778,-3.1548858,-29.543978,-14.990521,12.120404,15.593614,27.895845,51.40854,2.3049784,-60.623146,-52.32591,-5.585236,18.283197,30.79945,64.18716,30.273594,-39.45983,-49.446297,-15.710818,10.2145605,20.56964,50.64542,50.834103,13.025339,-7.4664273,-4.244379,6.6985865,3.3957655,24.722225,35.709496,26.958467,10.543593,2.8329995,6.561811,-7.4874296,0.40917063,6.182263,3.9730964,-1.0018158,-1.5648066,4.1959043,-6.5227265,-8.716976,-9.20101,-9.2808485,-9.163479,-7.4396663,-2.155199
-1.8002875,4.6732397,12.278483,15.413032,1.9508942,-6.716067,9.22443,-7.4785376,-2.1565278,11.865718,22.531067,-4.062626,-28.84533,0.042298425,-9.612223,-5.709818,9.779517,26.12079,4.7445283,-25.786434,-4.123877,-9.703865,-5.7218347,5.4224005,20.47911,13.989148,-1.8028872,4.474724,-9.700184,-5.7245145,0.012478676,7.1202617,9.520349,7.367163,8.6211405,-8.979017,-7.358658,-4.71053,-3.0760043,-1.9344482,-0.23289236,4.5803537,-6.421171,-8.565766,-9.009537,-9.059717,-8.971579,-7.338675,-2.150562
-1.7560085,4.76478,7.9876204,8.266007,8.387725,9.347025,8.249705,-7.412972,-1.8771353,1.3865294,1.6794488,1.9366537,4.370492,8.688627,-9.654549,-5.376518,-2.3944778,-2.1397893,-1.8479792,1.1629312,7.2977767,-9.765007,-5.599869,-2.6361668,-2.4018965,-2.1395261,0.8884499,7.142379,-9.709049,-5.781629,-2.8783264,-2.6499352,-2.4042323,0.59239864,6.8594685,-8.907633,-7.375151,-5.231292,-5.052314,-4.822089,-2.0256348,4.2488604,-6.3377447,-8.473152,-8.9230795,-8.955734,-8.833442,-7.201293,-2.1021566
-1.8063873,4.8831534,8.220729,8.5188675,8.610901,9.561116,8.447948,-7.6194763,-1.971184,1.4305989,1.776233,1.9955457,4.424966,8.847545,-9.937736,-5.687598,-2.384095,-1.9787862,-1.8075669,1.1779425,7.435455,-10.043056,-6.7851753,-2.713995,-1.7814845,-1.971808,0.98138773,7.3589177,-9.825524,-7.854607,-3.6167476,-1.9701115,-2.196026,0.70919865,7.119866,-8.769707,-8.960168,-6.178279,-4.9610634,-4.8046565,-2.0323343,4.417002,-6.116506,-8.75791,-9.456902,-9.41175,-9.142279,-7.4281416,-2.1564784
-1.8071399,4.91316,8.256094,8.537208,8.617656,9.570467,8.455795,-7.6361957,-1.929103,1.4844679,1.7956976,1.9921695,4.427015,8.85188,-9.963776,-5.555812,-2.4232593,-2.1217036,-1.8697994,1.1531137,7.4129705,-10.067812,-5.78232,-2.6819875,-2.3861337,-2.1244936,0.93836576,7.3074303,-9.998612,-5.9381924,-2.9122593,-2.6328301,-2.3733678,0.67831105,7.0688014,-9.171668,-7.56572,-5.3320603,-5.1239805,-4.8862963,-2.02937,4.392905,-6.528132,-8.724753,-9.179094,-9.203717,-9.073151,-7.38997,-2.146537
8.56036,6.8164554,-10.454348,-4.380063,12.99993,13.215307,8.654315,19.27505,12.328126,-37.760727,-37.478214,4.2925253,12.89409,9.236295,27.579716,29.65795,-34.5709,-47.863903,-6.7144237,6.9179883,7.71031,22.989223,35.665295,-1.762792,-17.989384,-5.187579,1.9847401,7.406314,8.371003,22.111433,15.796891,3.6921046,-1.8394315,0.25457755,7.1098614,-5.3402042,1.5996252,2.7556934,-1.9670588,-4.913589,-2.2290783,4.419964,-6.477827,-8.662396,-9.274081,-9.470574,-9.271871,-7.454949,-2.1532981
-1.2261572,5.7137074,6.494161,6.653937,9.2898445,10.344684,8.507843,-6.2987037,0.6875636,-1.4241643,-3.4130256,2.003835,5.822248,8.952812,-8.475364,-1.5983849,-3.5955834,-6.8689723,-2.7258508,1.9203829,7.506515,-9.177732,-2.9473894,-1.4519635,-3.1485803,-2.5456617,0.9638853,7.341,-9.729717,-4.7768517,-1.7585375,-2.2482874,-2.5431912,0.5466348,7.063517,-9.11727,-7.4079037,-5.203048,-5.161919,-4.993135,-2.0798259,4.385112,-6.518233,-8.712201,-9.169497,-9.200448,-9.074691,-7.3925543,-2.14769
-1.7606084,4.8005276,8.034344,8.313017,8.439904,9.384021,8.2553625,-7.4461613,-1.6630259,1.6799296,1.0870218,1.3666289,4.8127546,9.051812,-8.746246,0.53802437,2.2732022,-11.066433,-13.400831,1.7928278,11.217557,-5.3076525,11.695118,12.57831,-21.476385,-36.574173,-5.668048,14.657666,-2.0819967,20.683155,26.828518,-16.047283,-43.898388,-13.937167,11.90613,-2.4474034,18.0116,27.907253,1.829522,-21.954401,-10.513213,4.9956965,-4.2006187,4.9360576,13.564194,9.748288,-2.8689785,-7.208939,-2.7752697
-1.753216,4.8515525,7.9660177,8.004522,8.3366,9.495594,8.277837,-7.4130526,-1.6059309,1.4382854,0.86314595,1.5395293,4.719767,8.78742,-9.659625,-4.963957,-2.10948,-3.0700688,-2.5792077,1.3542624,7.4109616,-9.762477,-5.233868,-2.2400682,-2.7074914,-2.5207658,0.8555607,7.177435,-9.70125,-5.6053867,-2.5989654,-2.5102353,-2.4443018,0.5245064,6.852158,-8.900225,-7.3145843,-5.1288424,-4.97408,-4.828994,-2.0443501,4.2435403,-6.3349,-8.464971,-8.908934,-8.940198,-8.822096,-7.1964254,-2.1012273
-1.0012459,0.48220885,6.013914,10.29383,9.558207,9.595693,8.481023,-3.3074987,-12.955804,-7.230495,4.170758,3.9156573,4.471827,8.904912,-0.8702955,-16.88611,-14.180155,-1.0812913,-0.22422212,1.1923759,7.4721847,0.15246709,-9.330121,-8.92397,-2.3141594,-1.517554,0.9446871,7.34107,-3.4893959,-3.6556923,-3.4858124,-2.880475,-2.3796017,0.6546299,7.0731125,-7.7327533,-5.838616,-5.0536413,-5.4310374,-4.9897614,-2.0557687,4.385478,-6.3232417,-8.633203,-9.302027,-9.337587,-9.120206,-7.402708,-2.15183
-1.8825746,5.139241,8.633553,8.933323,9.026498,10.034939,8.888238,-7.9702764,-1.9986461,1.5597292,1.8763602,2.089991,4.654667,9.300152,-10.43183,-5.784279,-2.5246208,-2.2340853,-1.9747317,1.2024715,7.7700906,-10.528899,-6.0626526,-2.86129,-2.6084416,-2.3803682,0.80605227,7.4994674,-10.400138,-6.2442837,-3.1614306,-2.969161,-2.7970505,0.3247263,7.026364,-9.460072,-7.809018,-5.519065,-5.379772,-5.242822,-2.3960233,4.217703,-6.6880116,-8.880701,-9.25888,-9.222541,-9.087386,-7.456586,-2.218995
-1.8783345,5.322778,12.970589,13.343032,-0.049681433,1.1574652,11.8796425,-7.934517,-1.5692514,12.854831,16.889648,-13.44742,-20.01032,9.5777645,-9.439514,-4.1160827,9.2187195,19.125128,-7.5448728,-21.988289,3.5209937,-7.2467365,-1.1703537,1.0743417,8.923441,5.7361207,-1.9642829,5.886298,-5.9704423,1.9277104,-3.6722522,-3.4722273,5.112455,5.8222656,7.7035284,-7.2533503,-0.834243,-3.0600152,-5.8359475,-3.5067897,-0.9924491,4.5061646,-6.073503,-7.247546,-7.4920864,-9.251559,-9.980555,-7.9068317,-2.233399
-1.804869,4.9211307,8.2586775,8.499772,8.543617,9.5224,8.450715,-7.63109,-1.8942282,1.533427,1.7767898,1.8708421,4.3241844,8.841205,-9.974106,-5.500245,-2.303072,-2.043324,-1.927885,1.0638794,7.4075475,-10.093459,-5.7555904,-2.5659947,-2.2520435,-2.0730252,0.9283713,7.3217363,-10.025447,-5.962376,-2.8778648,-2.554436,-2.3131084,0.69383115,7.083865,-9.185899,-7.6062083,-5.3650455,-5.1382213,-4.895812,-2.0446427,4.390936,-6.529356,-8.734154,-9.196165,-9.22358,-9.09222,-7.4065447,-2.153747
12.466936,16.05439,-9.969961,-16.807869,0.6393736,13.165668,12.091666,22.802074,33.577484,-17.72251,-47.85192,-26.780186,0.74336755,14.53259,26.409134,46.617973,4.3704896,-36.793354,-32.295475,-9.503212,9.3784075,17.905128,39.22741,30.349987,5.016509,-6.8995314,-3.2347627,6.9086165,2.0344083,19.516584,25.865448,17.443668,5.5280967,1.7270854,6.6633267,-7.8144045,-1.5658368,2.587666,0.66028273,-2.5717144,-1.819469,4.200813,-6.520797,-8.721624,-9.192031,-9.232976,-9.102226,-7.407709,-2.1528683
-1.7027901,4.8654714,7.8548717,8.441278,8.882807,9.695462,8.492503,-7.0465045,-1.6764245,-0.2426124,0.80877227,2.7260191,4.83763,8.911912,-9.171945,-4.5650086,-4.632062,-4.2615314,-1.4809092,1.5787221,7.4665284,-9.333418,-4.465152,-3.4539409,-3.6769404,-2.2881963,1.0447719,7.3279314,-9.72104,-5.1439,-2.5253322,-2.7252774,-2.5831954,0.6007949,7.060737,-9.088707,-7.324976,-5.1405106,-5.157389,-4.987177,-2.084405,4.378745,-6.517681,-8.715083,-9.179268,-9.215575,-9.086955,-7.4003987,-2.1512516
-1.7563796,4.700432,7.911726,8.239801,8.392139,9.335754,8.234779,-7.379427,-1.9747888,1.2216718,1.6039413,1.953801,4.36865,8.66691,-9.541139,-5.3824806,-2.5251734,-2.2175674,-1.8208582,1.1786425,7.2834067,-9.666971,-5.477532,-2.603393,-2.3891282,-2.0932918,0.91940874,7.142691,-9.684698,-5.6603084,-2.7743332,-2.5810387,-2.3536797,0.62210655,6.866771,-8.950749,-7.383591,-5.215638,-5.025789,-4.79699,-2.010118,4.2544775,-6.383103,-8.533214,-8.974072,-8.986212,-8.845568,-7.202833,-2.1016202
-1.7409791,4.652017,7.8066516,8.189167,8.362677,9.266424,8.195416,-7.3182135,-1.9968717,1.0529898,1.4982027,1.9020195,4.253653,8.590545,-9.445252,-5.319368,-2.6051056,-2.2772858,-1.859935,1.0883495,7.2101927,-9.578039,-5.3842583,-2.5566182,-2.349966,-2.0815494,0.89917284,7.1127076,-9.604462,-5.5798707,-2.711013,-2.531983,-2.323564,0.63660955,6.8658156,-8.883637,-7.3156686,-5.1668286,-4.9955053,-4.7789516,-2.0000675,4.257449,-6.335115,-8.4648905,-8.907775,-8.937296,-8.817949,-7.1925426,-2.0991683
21.272192,1.9180863,-35.385452,-10.057184,20.504295,13.878531,8.250923,42.275578,14.44102,-69.6952,-47.85022,12.488881,13.594087,8.742585,49.58174,38.34056,-52.841858,-53.132713,-2.493055,6.892792,7.421406,36.146214,47.406067,-1.2651789,-17.300228,-4.7852054,1.6896701,7.299233,14.454393,28.754932,20.012333,4.482159,-2.3286693,0.17457052,7.0203657,-3.6539018,3.4266796,3.5345385,-2.0791695,-4.9358053,-2.1870744,4.3469963,-6.394441,-8.586949,-9.171464,-9.292703,-9.093458,-7.3420377,-2.1323233
-1.7530152,4.7784815,7.9824286,8.229764,8.337946,9.304155,8.2189455,-7.410344,-1.8464686,1.3900169,1.6028403,1.8142315,4.2631807,8.613444,-9.651604,-5.310457,-2.319334,-2.1458774,-1.9294684,1.0739828,7.2246456,-9.762809,-5.525267,-2.5051775,-2.2889807,-2.086791,0.9028988,7.134167,-9.709532,-5.733121,-2.7692153,-2.5161672,-2.2888362,0.6774787,6.908271,-8.9106655,-7.368682,-5.2083826,-5.0155735,-4.7784734,-1.9768759,4.2949786,-6.3400993,-8.480437,-8.939513,-8.983292,-8.86676,-7.2258916,-2.103417
-0.44605276,6.653848,5.172997,5.2597136,9.666471,10.657037,8.493127,-3.5616562,4.886679,-5.2761273,-9.934202,2.0340164,7.2743335,8.964156,-4.7108426,5.977291,-5.7688975,-15.828203,-4.6555967,3.1694872,7.551482,-6.3577967,4.228289,1.1239021,-5.935457,-3.6086738,1.1920303,7.377152,-8.857771,-1.4072764,1.7492784,-0.58844733,-2.355716,0.4096307,7.0692544,-9.015238,-6.626881,-4.135462,-4.612003,-5.0093083,-2.1479316,4.3771987,-6.5187736,-8.715498,-9.177441,-9.212209,-9.085055,-7.399361,-2.1507068
-1.8034064,4.8875184,8.211538,8.503994,8.618145,9.594844,8.484039,-7.612462,-1.945931,1.427846,1.7461578,1.9912654,4.4609933,8.902452,-9.917273,-5.539954,-2.4610853,-2.1695123,-1.8759983,1.1809722,7.4666405,-10.024563,-5.753522,-2.7175262,-2.4511845,-2.1572008,0.9431273,7.3390365,-9.966247,-5.918504,-2.9645994,-2.7267694,-2.4327383,0.6666294,7.074967,-9.14435,-7.539022,-5.36647,-5.206639,-4.9414783,-2.039204,4.3865924,-6.5081444,-8.691426,-9.158959,-9.2149,-9.094794,-7.3981276,-2.1494546
-1.7682699,4.5980425,7.8700476,8.346522,8.478104,9.321336,8.2343025,-7.3654523,-2.1675105,1.047667,1.722675,2.0878077,4.3281612,8.657448,-9.488994,-5.5644145,-2.750695,-2.1592965,-1.7255367,1.1322223,7.2648125,-9.624098,-5.572633,-2.7414334,-2.3848174,-2.0639637,0.8946539,7.128362,-9.652839,-5.692143,-2.8480573,-2.6025367,-2.3513033,0.61950743,6.861735,-8.931632,-7.3970375,-5.2434163,-5.0325007,-4.7932158,-2.0076158,4.2533503,-6.365556,-8.513847,-8.957646,-8.972581,-8.835874,-7.198167,-2.1005042
-1.8058321,4.911332,8.248938,8.530422,8.618777,9.578211,8.462797,-7.6306095,-1.9216833,1.476325,1.7765291,1.9852539,4.440782,8.874115,-9.9597435,-5.537373,-2.4256523,-2.1511018,-1.891668,1.1660106,7.4523487,-10.066961,-5.7616706,-2.6749306,-2.4121315,-2.157265,0.93967676,7.346661,-9.998683,-5.928249,-2.9067178,-2.6509416,-2.4072573,0.6638018,7.0883074,-9.169774,-7.5644646,-5.334947,-5.139858,-4.915536,-2.0523107,4.390456,-6.5247808,-8.722732,-9.182596,-9.215839,-9.092053,-7.4076185,-2.1545615
-1.7399132,7.294513,11.815002,3.668665,0.8022099,9.988094,10.1131315,-7.3941793,2.8366616,11.26029,-3.3550737,-13.270857,1.9146819,11.438706,-9.654974,-0.3154005,10.015726,-1.1188658,-12.677277,-2.2864828,8.689177,-9.785219,-2.7800508,5.454169,3.086677,-2.4442163,0.08945961,7.1057262,-9.743025,-4.921937,0.1255929,0.9421425,-0.5762716,0.68739957,6.684782,-8.945616,-7.3334885,-4.915849,-4.6273556,-4.6831117,-2.1127305,4.233356,-6.3645678,-8.519321,-8.9791,-9.012373,-8.888019,-7.243307,-2.105117
-1.0588456,4.977099,6.0569987,7.3501925,9.337338,9.771608,8.251603,-6.074508,-0.6651774,-1.8517878,-1.1179804,2.7283838,5.0098476,8.683614,-8.350313,-3.382389,-4.1663465,-4.4340487,-1.8232205,1.4472823,7.292412,-9.14891,-4.171261,-2.2924647,-2.7123058,-2.3170352,0.8881408,7.158911,-9.563552,-5.219251,-2.4265761,-2.608119,-2.5231974,0.57041985,6.893574,-8.915141,-7.3479085,-5.210904,-5.0830674,-4.857354,-2.0317323,4.26928,-6.35431,-8.494083,-8.941342,-8.974151,-8.857115,-7.2235723,-2.1086955
-1.8003348,4.8870916,8.191942,8.494266,8.624351,9.582832,8.447756,-7.5976415,-1.959815,1.3284819,1.668708,2.0074186,4.48287,8.850905,-9.86871,-5.5194683,-2.5830598,-2.3087888,-1.8725029,1.2381679,7.4358077,-9.959073,-5.660742,-2.724229,-2.5205083,-2.1580002,0.99381924,7.340141,-9.924766,-5.818603,-2.8679104,-2.6845655,-2.4225445,0.6772457,7.0836506,-9.137389,-7.5078034,-5.3004203,-5.1444235,-4.923958,-2.0542912,4.387014,-6.5190578,-8.714295,-9.173281,-9.205761,-9.080652,-7.398417,-2.1512537
-1.799089,4.500407,7.897855,8.418839,8.4736805,9.304145,8.218764,-7.392283,-2.336636,1.0903863,1.8539618,2.0848887,4.3109145,8.62553,-9.485648,-5.7203097,-2.7214491,-2.0601585,-1.7202592,1.1264361,7.2320843,-9.618865,-5.647569,-2.76661,-2.388947,-2.07182,0.89509815,7.1115327,-9.637803,-5.7230573,-2.8949223,-2.645465,-2.369454,0.6207002,6.860387,-8.909653,-7.3788395,-5.2301316,-5.0313873,-4.7929463,-2.0022151,4.2576127,-6.3400764,-8.471387,-8.912656,-8.939374,-8.818076,-7.1916356,-2.0983827
-1.4822052,8.993109,12.109598,1.276521,0.15059192,11.089143,10.637956,-6.613711,8.326508,13.868054,-11.204738,-20.601671,2.4386077,13.040901,-8.767335,8.050464,17.771984,-7.5406356,-23.608175,-4.4960265,10.21867,-9.207513,4.1331105,15.11237,4.942506,-6.1675315,-1.239709,7.521432,-9.720658,-2.004328,5.853274,5.8418884,1.4202487,0.9295457,6.7441297,-9.097925,-6.72293,-3.3259568,-2.9438605,-3.950736,-2.124282,4.271838,-6.5205836,-8.696401,-9.143996,-9.198734,-9.104436,-7.430582,-2.1597095
-1.7808309,4.814503,8.057436,8.479893,8.683447,9.578123,8.446079,-7.5351305,-2.0000658,1.166638,1.6288953,2.0497603,4.4254274,8.831094,-9.810054,-5.4971457,-2.620602,-2.2667649,-1.8482116,1.1476332,7.3962946,-9.954495,-5.654223,-2.6829333,-2.42446,-2.1163223,0.9421126,7.3074303,-9.944829,-5.856007,-2.8791692,-2.6417384,-2.3770545,0.6772194,7.070761,-9.157053,-7.55643,-5.3393116,-5.143113,-4.9032736,-2.0399969,4.3893585,-6.5179586,-8.711568,-9.168179,-9.198575,-9.073313,-7.392362,-2.1480103
-1.5859653,6.7942433,8.827904,4.7838745,6.696019,11.043229,9.172539,-6.67907,5.4122596,5.971318,-10.6391735,-8.433659,7.2013655,11.181438,-8.797147,6.1868734,8.982257,-15.209802,-18.662218,1.0208746,10.093721,-9.125353,4.810255,11.438022,-3.9861932,-10.190366,-0.22953126,8.151182,-9.716085,-1.1308151,5.7716866,2.864043,-1.2193991,0.41428646,6.9229336,-9.1036625,-6.366848,-2.6729147,-2.5998166,-4.0559716,-2.258331,4.2447777,-6.5189266,-8.701076,-9.158018,-9.23742,-9.176875,-7.476892,-2.1750119
13.740568,-1.6595241,-22.313812,0.16796325,17.29434,12.022556,8.421944,27.38542,0.8320009,-52.46909,-27.451097,11.4548025,9.541631,8.760269,33.314487,18.645742,-42.577686,-34.10532,-0.37387058,4.3249664,7.317987,23.739103,28.529577,-2.1800091,-10.575422,-3.4074252,1.3566694,7.2889433,6.6090937,17.295477,12.382557,1.5888377,-2.8034112,0.39987648,7.0935564,-6.752049,-1.7319083,-0.8884601,-4.055082,-5.1342387,-2.15249,4.403191,-6.5237927,-8.727393,-9.19511,-9.22594,-9.092483,-7.40479,-2.1510477
-1.7865775,4.927013,8.137662,8.428298,8.730362,9.702118,8.481332,-7.438852,-1.4509455,0.7438631,0.4951684,2.1892018,5.1160116,8.946684,-9.662553,-4.4004908,-3.1338744,-4.757726,-2.3368802,2.023188,7.578217,-9.729188,-4.322602,-2.5279012,-4.180396,-2.7841668,1.2995315,7.45652,-9.830713,-5.109219,-2.3007214,-2.7864144,-2.6009612,0.6406428,7.1420865,-9.117298,-7.2979183,-5.0437403,-5.098051,-5.0422087,-2.1306276,4.3990073,-6.5319376,-8.739245,-9.221396,-9.285073,-9.165349,-7.454224,-2.1662464
-1.8004798,4.8915167,8.203936,8.492251,8.609456,9.581167,8.463965,-7.606125,-1.9279033,1.4265603,1.7350986,1.9923881,4.4616437,8.880204,-9.915706,-5.506771,-2.441445,-2.1693015,-1.8695093,1.1919149,7.453467,-10.0343275,-5.7253613,-2.6710837,-2.4200332,-2.147362,0.9452878,7.331594,-9.983896,-5.9172907,-2.9181414,-2.6741455,-2.4212415,0.6504191,7.066841,-9.164914,-7.57013,-5.351648,-5.15812,-4.922682,-2.0549107,4.3835025,-6.519781,-8.7145605,-9.171478,-9.201523,-9.07565,-7.3943677,-2.1491866
13.258328,-10.502575,-20.684622,3.6298032,15.126839,11.436292,8.299496,23.897335,-9.655468,-41.46487,-19.546354,5.4270854,8.649681,8.796984,25.932018,8.749845,-24.176533,-22.911203,-4.5650325,3.6888616,7.4363,16.461971,18.74302,3.6874702,-5.81263,-3.6608927,1.1428877,7.239682,1.5338511,8.178523,6.464854,0.7537236,-2.126069,0.3587502,6.9060297,-7.702239,-4.992297,-3.5429394,-4.416618,-4.8490634,-2.1086204,4.2553864,-6.1273475,-8.425013,-9.094142,-9.147088,-8.921088,-7.227868,-2.1116512
-1.746537,6.3780174,12.08488,7.2297554,-0.49259904,6.273584,10.611253,-7.401016,0.902948,11.242509,3.8160863,-12.675669,-4.7833734,10.933278,-9.649702,-2.5467105,8.916072,5.600618,-9.668639,-6.534533,7.477877,-9.762788,-4.128073,4.061458,5.4679213,-0.06941604,-0.0051739924,6.8673053,-9.706148,-5.347323,-0.61991984,1.0212318,0.264122,1.2307544,6.656276,-8.904176,-7.3297677,-5.008138,-4.685818,-4.620424,-2.103171,4.1476555,-6.335147,-8.465686,-8.909656,-8.939641,-8.820068,-7.193828,-2.099458
-1.7650986,4.792372,8.058392,8.345708,8.434116,9.350724,8.2305355,-6.409616,-2.6152022,-0.6411266,1.9402322,3.1614094,4.649984,8.662037,-1.3668821,-5.016029,-17.32919,-9.691869,2.4775708,3.9592052,7.4256897,10.483287,5.57791,-30.258709,-30.094969,-0.5768329,6.947815,7.690626,15.283892,22.268112,-20.352032,-36.970352,-9.212158,5.156172,7.549779,10.520298,22.830837,1.6707616,-18.584723,-10.878169,-1.1702056,4.569514,0.22962339,8.126724,5.2484894,-5.418153,-10.226224,-8.094139,-2.1567082
6.15033,-6.7999887,-5.9245906,11.009873,13.2482195,9.823692,8.239138,20.762003,-24.328852,-43.79247,-1.747847,13.938403,5.950117,8.683831,36.11635,-17.61674,-62.3908,-18.04259,7.8877263,2.7767503,7.3342085,35.35245,6.442476,-32.01482,-14.184851,0.4191274,1.5119119,7.2236786,20.026556,18.792074,2.310161,-3.1269891,-2.9440365,0.59140027,6.941166,1.9332888,6.348322,2.1915467,-4.097423,-5.3815393,-2.1087518,4.2827587,-5.7996187,-7.949787,-8.913568,-9.415991,-9.07695,-7.2669535,-2.1185706
-1.7489707,4.7372375,7.923208,8.2308655,8.397897,9.35472,8.239862,-7.3818655,-1.9036278,1.2644769,1.5801054,1.9299759,4.38038,8.66702,-9.582957,-5.343182,-2.4820807,-2.2518651,-1.8791658,1.1625122,7.270433,-9.694888,-5.5110016,-2.6194227,-2.4379969,-2.158832,0.8848247,7.1241627,-9.666346,-5.6949873,-2.8068774,-2.6180747,-2.389846,0.5996633,6.8559475,-8.89523,-7.342665,-5.194028,-5.02068,-4.7982335,-2.0115008,4.253035,-6.3370204,-8.470468,-8.916778,-8.946177,-8.823449,-7.1939774,-2.099108
-1.7604389,4.7749386,8.021786,8.279075,8.334213,9.255551,8.189628,-7.4279165,-1.8739402,1.4492942,1.7366562,1.8842086,4.2289996,8.574717,-9.673612,-5.38522,-2.3179588,-2.0241022,-1.8268402,1.0681826,7.1921606,-9.777841,-5.607801,-2.5671616,-2.2658014,-2.038573,0.8983286,7.1070657,-9.713297,-5.776569,-2.8238695,-2.5432518,-2.2990184,0.6474507,6.870152,-8.906629,-7.3633213,-5.1978936,-5.000212,-4.773483,-1.9974221,4.258308,-6.3367577,-8.467931,-8.911225,-8.939965,-8.819916,-7.194458,-2.1004758
16.409286,46.074005,28.211536,-59.12621,-53.55386,22.366478,23.743708,26.09664,83.03099,73.95197,-91.532555,-124.78824,-1.575941,32.326138,25.995878,91.37475,113.64426,-45.21638,-110.033005,-21.64813,20.77752,15.977862,65.50794,98.701294,30.28013,-24.983135,-9.019695,8.283845,-0.08178255,29.356016,52.90392,46.564102,17.60903,3.0407233,5.7597146,-8.134257,2.3551843,13.367146,12.720292,3.5118449,-1.2127388,3.9701853,-6.55964,-8.694786,-9.076827,-9.23414,-9.330824,-7.593165,-2.2059138
-1.7598693,4.7609177,8.013811,8.298986,8.381499,9.302963,8.206378,-7.4214234,-1.874028,1.4530914,1.764334,1.9463885,4.302266,8.5973,-9.689478,-5.4182262,-2.32927,-2.0128655,-1.7996166,1.1196572,7.1999125,-9.801065,-5.7112737,-2.6202602,-2.2683525,-2.0503159,0.90893555,7.0970907,-9.718082,-5.9019217,-2.9009414,-2.5443728,-2.3063202,0.6522115,6.866423,-8.893581,-7.4264693,-5.2466216,-4.9952173,-4.7590146,-1.9808766,4.266374,-6.323253,-8.476559,-8.930886,-8.951806,-8.819425,-7.189003,-2.0965521
-1.8051007,4.9016113,8.236829,8.525181,8.623037,9.584653,8.467674,-7.6239533,-1.921595,1.4781649,1.7910881,2.0091205,4.459035,8.883206,-9.960089,-5.5283628,-2.4055555,-2.1144445,-1.8540732,1.184331,7.452716,-10.083168,-5.7759447,-2.6765475,-2.3939376,-2.1362906,0.9411241,7.3299317,-10.020089,-5.971382,-2.9470465,-2.672233,-2.4136348,0.6532077,7.067717,-9.181324,-7.59873,-5.37119,-5.163361,-4.921325,-2.0530798,4.384471,-6.524555,-8.721939,-9.178721,-9.206612,-9.078468,-7.3956075,-2.1495454
35.342567,26.614635,-48.628036,-39.78815,18.043625,14.823479,10.006522,70.0573,73.21495,-81.712166,-105.321175,-0.35577017,7.291156,3.462306,81.42541,112.76679,-45.562817,-100.95095,-14.1445465,1.1338449,0.93850917,59.90054,99.06453,24.813362,-25.466682,-2.3371572,3.393861,6.5697064,26.127232,54.636368,47.456856,19.122446,6.009463,3.4074602,8.004767,1.7609237,15.632227,17.014797,6.1457734,-2.5575845,-1.8550239,4.3840494,-6.2034473,-8.067064,-8.411812,-9.3784895,-9.529291,-7.5629654,-2.1629417
-0.90520114,11.148303,11.958123,-3.3921733,-0.45251706,13.109792,10.808093,-5.365519,14.827962,16.478975,-21.62829,-26.518784,5.9224043,13.991543,-7.3755555,16.777544,25.310516,-15.987089,-32.68872,-3.4831662,11.539073,-8.489704,10.776694,23.669743,4.7826824,-9.849488,-1.8232192,7.8894067,-9.625818,0.5400319,10.623209,9.305159,2.4025958,0.82700783,6.6506352,-9.1145735,-6.326211,-2.1986377,-1.6694242,-3.432411,-2.1259918,4.22048,-6.518014,-8.71491,-9.182627,-9.230928,-9.116239,-7.424786,-2.1610172
-1.8001639,5.15908,8.359021,7.646929,8.057836,10.013462,8.718771,-7.617515,-1.3118613,2.1886573,0.06542343,0.13865066,4.8680944,9.372515,-9.943936,-4.712888,-1.120229,-3.2849433,-3.7921178,1.1257864,7.8044767,-10.057028,-5.223758,-1.6453985,-2.274672,-2.6286623,0.804344,7.3999815,-9.994808,-5.7466874,-2.4780369,-2.3032243,-2.3815017,0.57454467,7.0770893,-9.168092,-7.551704,-5.308798,-5.1358647,-4.974838,-2.092186,4.407066,-6.5222282,-8.723564,-9.192923,-9.238197,-9.123257,-7.4353576,-2.1574836
-1.4479431,4.8931246,6.9309716,7.5673575,8.796238,9.554401,8.186213,-6.5854497,-0.89730775,-0.841147,-0.8308586,2.1616583,4.7778983,8.547009,-8.696403,-3.454979,-3.7972255,-4.8054614,-2.2127082,1.3302224,7.139264,-9.13197,-3.8966274,-2.1079152,-2.8359373,-2.301131,0.87592906,7.0752726,-9.488153,-4.93557,-2.0188715,-2.197732,-2.2901118,0.6346894,6.8781414,-8.859744,-7.1990037,-5.0117893,-4.9130926,-4.750329,-1.9759115,4.2719784,-6.334528,-8.464153,-8.907349,-8.937155,-8.818086,-7.192587,-2.0990973
-1.8057119,4.921286,8.259644,8.531505,8.610259,9.573825,8.469954,-7.635579,-1.9035038,1.5073289,1.7964084,1.9792002,4.4269767,8.879245,-9.981719,-5.5239115,-2.386118,-2.1172774,-1.8968904,1.1358265,7.4405594,-10.095493,-5.7669754,-2.6615777,-2.40801,-2.187756,0.88934594,7.323032,-10.023054,-5.93163,-2.9002547,-2.6660502,-2.4531634,0.6138783,7.0762186,-9.183069,-7.5416727,-5.294224,-5.123333,-4.9362235,-2.079534,4.3964853,-6.5314617,-8.708025,-9.141166,-9.167973,-9.066639,-7.411032,-2.1552022
-0.76786584,4.543071,5.6128345,7.6065583,9.48632,9.733182,8.252401,-4.9025393,-1.0598915,-3.9408598,-1.3559432,3.3449156,5.080727,8.69815,-6.6031833,-2.7667725,-6.4675717,-5.5367103,-1.3577268,1.5905037,7.3104286,-7.9178514,-2.95757,-2.7010436,-3.1955788,-2.2692351,0.94121456,7.1480775,-9.196755,-4.4806,-2.0361767,-2.577624,-2.6115756,0.53973174,6.859965,-8.847384,-7.2149806,-5.153492,-5.1317744,-4.900272,-2.047409,4.250043,-6.339217,-8.474002,-8.920861,-8.951361,-8.830178,-7.201525,-2.1019256
-1.756254,4.786374,7.9973164,8.206729,8.292277,9.28926,8.237169,-7.416507,-1.8383127,1.4166776,1.5836997,1.7477407,4.2376556,8.650426,-9.651895,-5.299584,-2.2911186,-2.158738,-2.005744,1.0283387,7.244816,-9.752387,-5.499546,-2.4759333,-2.2932112,-2.1472225,0.84658396,7.11215,-9.694877,-5.6945596,-2.7281027,-2.4963586,-2.3219182,0.62293726,6.8594923,-8.898475,-7.3329954,-5.160942,-4.97831,-4.772906,-1.9998443,4.256752,-6.3354926,-8.4658,-8.909221,-8.938952,-8.819183,-7.1927896,-2.0989146
-1.7596753,4.7833858,8.018591,8.271689,8.363608,9.320189,8.234322,-7.4288635,-1.8558047,1.4264076,1.6651248,1.8727947,4.320117,8.665421,-9.682348,-5.358095,-2.344699,-2.1490605,-1.9155533,1.1252651,7.2957397,-9.785839,-5.5728874,-2.5650592,-2.360087,-2.15116,0.8941273,7.172619,-9.720435,-5.7573977,-2.8105538,-2.5779274,-2.3709397,0.6174047,6.893716,-8.912848,-7.3675575,-5.20563,-5.021608,-4.812823,-2.02671,4.2567496,-6.341841,-8.482516,-8.937813,-8.974072,-8.854115,-7.220501,-2.1108558
-1.7021964,4.6474743,7.680042,8.217743,8.531183,9.329002,8.186112,-7.248147,-1.9712917,0.7838726,1.3959824,2.1068525,4.345759,8.554456,-9.406009,-5.278272,-2.848045,-2.4476755,-1.7659136,1.1568618,7.168303,-9.569559,-5.3814263,-2.6604917,-2.4536116,-2.0780475,0.9329734,7.100789,-9.607859,-5.598627,-2.7523794,-2.5918972,-2.335483,0.65323305,6.8750176,-8.88436,-7.3239436,-5.182577,-5.0142117,-4.783722,-1.9951046,4.2622333,-6.334878,-8.4648485,-8.908213,-8.938115,-8.818919,-7.1935697,-2.0998502
1.4439125,13.027429,7.5275908,-8.392207,1.6080886,14.17571,10.185171,-0.99695075,19.19838,8.621513,-29.737606,-21.055723,8.868502,12.2906475,-2.6658108,21.919506,18.912275,-23.062353,-26.0582,0.3198427,9.976744,-5.7702923,14.92343,21.209393,1.1953838,-7.5915246,-0.15609494,7.693093,-8.844265,2.2177212,10.438528,7.4064126,1.0078279,0.73784345,6.9564557,-9.051379,-6.1179256,-2.4507008,-2.5556405,-4.1291637,-2.127669,4.3658624,-6.518354,-8.718517,-9.191332,-9.2415285,-9.126797,-7.4335585,-2.156068
-1.8000096,4.875539,8.1795635,8.482583,8.61796,9.588522,8.463873,-7.5966115,-1.9596128,1.360015,1.6914362,1.9949664,4.467745,8.87223,-9.873572,-5.5169563,-2.5141263,-2.2326503,-1.8763518,1.1948297,7.4376893,-9.982062,-5.690189,-2.6930432,-2.45592,-2.1503773,0.9523642,7.320664,-9.945447,-5.8624682,-2.8937228,-2.6714382,-2.412499,0.6650024,7.0684147,-9.149439,-7.5407968,-5.331642,-5.148116,-4.913347,-2.043273,4.3893285,-6.5178967,-8.711759,-9.168855,-9.199462,-9.073496,-7.391629,-2.1472485
-1.5980607,4.680514,7.4512887,8.2623625,8.801587,9.4441395,8.235531,-6.74023,-1.786614,-0.5309202,0.9649433,2.8748882,4.6747136,8.669121,-8.800287,-4.6920877,-4.7022142,-3.669167,-1.2136202,1.4732238,7.2862487,-9.073939,-4.667231,-3.4527524,-3.233439,-2.1187508,1.0017269,7.1414747,-9.473405,-5.2056084,-2.6689038,-2.772735,-2.568414,0.5763209,6.8613358,-8.851109,-7.2248006,-5.1479216,-5.119378,-4.8898816,-2.041929,4.2494884,-6.337645,-8.471034,-8.918023,-8.949509,-8.827716,-7.1982665,-2.1012855
-1.8057108,5.7414737,12.1854,9.569234,0.6021075,5.2209153,10.968533,-7.632316,0.45726085,13.987415,8.846755,-17.23609,-12.7679405,11.854038,-9.969965,-2.457152,15.349753,14.587597,-16.631258,-19.95291,6.0588994,-10.092315,-3.6310136,11.125011,15.967587,0.2889328,-5.203749,6.0580354,-10.037483,-5.2545385,2.6371005,7.5770216,5.7610044,3.514109,7.1323466,-9.211351,-7.518777,-4.2748637,-2.7032814,-2.4995754,-1.2311887,4.2648044,-6.5547056,-8.772029,-9.237666,-9.265756,-9.135108,-7.4462724,-2.1784697
-1.7801098,4.9097443,8.111731,8.332853,8.57833,9.660161,8.490426,-7.5610886,-1.845512,1.3605255,1.4838667,1.8622633,4.520987,8.907503,-9.869216,-5.370208,-2.3873768,-2.3059418,-1.9817268,1.214671,7.4810133,-10.011338,-5.6211796,-2.560969,-2.401737,-2.165819,0.9676651,7.3712173,-9.986069,-5.8795085,-2.8579116,-2.637511,-2.401453,0.6796957,7.1093273,-9.183383,-7.5836344,-5.3685403,-5.1784086,-4.9377894,-2.0559454,4.4015727,-6.5382886,-8.744129,-9.210969,-9.246883,-9.118833,-7.4249144,-2.1583693
9.065064,21.494911,-1.3778697,-27.00987,-1.1150728,18.783997,11.06936,14.822316,40.124664,2.6461024,-62.866344,-34.257183,15.772029,14.501105,16.163046,49.084755,26.408264,-52.654346,-44.393948,2.3840673,12.020143,9.026584,38.12665,41.33441,-3.6436749,-15.17526,-1.0715228,7.960354,-2.9692159,17.450987,27.919159,17.187048,3.1699438,0.30693424,6.5339446,-8.298758,-1.8393478,3.7926788,1.8961165,-2.7992227,-2.2358043,4.138822,-6.3699527,-8.504147,-8.976647,-9.080853,-9.004832,-7.316949,-2.1246698
30.952799,32.40634,-35.972824,-47.08549,5.549856,21.728544,12.866541,63.711155,80.217674,-61.08182,-114.88408,-24.342604,16.955725,14.7893095,77.64097,116.013176,-29.844028,-111.665474,-37.36155,5.1438975,9.428803,59.785603,103.12083,31.220486,-32.7201,-13.25442,2.0189245,7.113444,27.999996,59.081757,51.641754,19.03295,4.338089,1.3312551,6.7163363,3.6692188,19.359337,21.515463,8.898816,-2.1391125,-2.4267645,4.2218876,-5.861905,-6.9864054,-6.8855314,-8.835194,-9.635044,-7.598775,-2.1592302
-1.7942344,4.91208,8.184901,8.403088,8.503713,9.518497,8.445311,-7.5927157,-1.8713111,1.4147909,1.5517437,1.7545478,4.3177834,8.838989,-9.886953,-5.379532,-2.3375406,-2.2719333,-2.095489,1.0357993,7.408959,-9.996813,-5.558971,-2.4494095,-2.3088055,-2.1799774,0.88210505,7.3139663,-9.954119,-5.784879,-2.7030692,-2.476355,-2.32473,0.670955,7.0702267,-9.150701,-7.5148106,-5.264234,-5.071483,-4.872351,-2.0380232,4.385674,-6.5173955,-8.710229,-9.166253,-9.197071,-9.07339,-7.3942795,-2.1497843
-1.747901,4.762223,7.945913,8.189486,8.302483,9.280941,8.216172,-7.38417,-1.8569099,1.3316202,1.5500402,1.7958193,4.2687993,8.630859,-9.589154,-5.28087,-2.36594,-2.2156637,-1.9576728,1.0849375,7.24782,-9.694374,-5.4465923,-2.494295,-2.3435292,-2.14414,0.87304634,7.1257286,-9.661227,-5.6462584,-2.7126267,-2.5296414,-2.3482091,0.61042494,6.8615565,-8.888925,-7.315153,-5.1508713,-4.9866195,-4.7871604,-2.0140805,4.250863,-6.334663,-8.464225,-8.9078,-8.938957,-8.821144,-7.196114,-2.1013033
15.586979,24.502731,-19.245453,-34.112637,9.38402,19.929924,9.536141,26.84059,46.989628,-28.126743,-74.90751,-12.113351,20.171392,10.725005,28.954792,57.47279,-3.847235,-62.4993,-22.087194,8.214702,8.741578,18.760208,44.52812,26.285583,-9.445248,-8.332284,0.7489971,7.5139785,2.0066807,21.068321,24.72668,11.354718,-0.4225939,-0.36218062,6.968629,-7.8743925,-1.4323847,2.1171703,-1.1568872,-4.5570927,-2.3090663,4.364456,-6.531364,-8.744567,-9.225306,-9.269026,-9.133822,-7.4287314,-2.1531935
-1.748104,4.7004333,7.882159,8.206013,8.3343935,9.239304,8.15922,-7.355001,-1.9621596,1.1619065,1.5429116,1.8763294,4.2181067,8.521474,-9.49383,-5.3389354,-2.5468445,-2.232612,-1.8371485,1.0866523,7.1539555,-9.599778,-5.417474,-2.5574346,-2.3235364,-2.0225492,0.94489217,7.1079516,-9.604094,-5.5842447,-2.7006009,-2.5038104,-2.2704904,0.6862648,6.886508,-8.874859,-7.296845,-5.1498117,-4.983728,-4.7667837,-1.9876499,4.2647443,-6.33461,-8.46449,-8.9082155,-8.938939,-8.8201475,-7.194534,-2.100244
1.4575771,13.327095,9.310925,-9.854361,-1.7495297,14.185889,10.74424,-1.0109073,19.83463,13.4377775,-29.678623,-27.451935,7.18604,13.520971,-2.7585022,22.469856,24.735264,-20.621128,-31.067825,-2.089148,10.811873,-5.798339,15.544557,24.83445,4.2148595,-8.374536,-1.2323236,7.51146,-8.682914,2.5427473,11.908614,9.368572,2.012921,0.5874868,6.479063,-8.804363,-5.886428,-2.0099196,-1.8981304,-3.6830177,-2.1581452,4.1058636,-6.3343744,-8.4650135,-8.911738,-8.946939,-8.831437,-7.204627,-2.105372
-1.6213714,4.635991,7.551946,8.230386,8.35879,9.257501,8.438229,-7.114999,-1.9156693,0.5944388,1.381141,1.6803048,3.8768847,8.846176,-9.346867,-5.189042,-2.8509047,-2.3282266,-2.158866,0.6247238,7.2278013,-9.591421,-5.3675137,-2.5636973,-2.296349,-2.1738431,0.69616014,7.0297303,-9.639113,-5.6375785,-2.7412179,-2.5472045,-2.3370762,0.55483025,6.806895,-8.8958235,-7.347459,-5.2018957,-5.025619,-4.8029513,-2.0280058,4.240299,-6.3353662,-8.465395,-8.908336,-8.937732,-8.818207,-7.192562,-2.09909
-1.7941947,4.9167337,8.171106,8.386697,8.55644,9.600481,8.475001,-7.5942445,-1.8570502,1.3915001,1.4894404,1.8166251,4.47397,8.908189,-9.894194,-5.369286,-2.38362,-2.388431,-2.0921142,1.1654611,7.484818,-10.008587,-5.574091,-2.5228586,-2.4369807,-2.2426927,0.9128946,7.3485494,-9.964771,-5.8133297,-2.7741103,-2.5848417,-2.4188056,0.6347239,7.0684857,-9.157336,-7.534397,-5.300741,-5.12392,-4.921875,-2.0641806,4.3786464,-6.519249,-8.713211,-9.169996,-9.201222,-9.077432,-7.397207,-2.151165
49.853218,30.66355,-75.862526,-58.249714,25.53073,22.114708,8.49904,86.179306,65.35483,-100.72619,-92.599,17.80136,23.677565,8.996451,116.124954,99.89697,-105.357376,-117.51559,9.819375,26.668755,9.66893,137.78333,140.43112,-76.55734,-135.16115,-25.73746,9.936795,9.84165,143.0033,171.65456,-4.9735503,-100.81157,-61.473145,-41.025795,-13.033953,119.07337,165.1497,68.337456,-18.281887,-40.5855,-59.629326,-37.879776,61.55238,103.92026,106.6278,70.29118,37.410885,3.859516,-6.63308
-1.8070366,4.942268,9.462575,9.5158205,5.757151,7.580707,9.549969,-7.6380277,-1.8612156,4.5921826,5.795542,-3.8929977,-2.7201684,10.000311,-9.9845295,-5.4694977,1.5376443,4.6101303,-5.417633,-6.552371,6.9212074,-10.1034975,-5.7506285,-0.10271951,3.0717473,-0.5380352,-0.6463341,6.926742,-10.035243,-5.9754467,-2.0740302,-0.26741216,-0.091595985,1.5378673,7.0485005,-9.19579,-7.6292925,-5.287453,-4.8058586,-4.505762,-1.9462198,4.338298,-6.537275,-8.755754,-9.235358,-9.272078,-9.137074,-7.4331193,-2.155016
0.16476867,3.3884645,4.252438,8.330317,9.99269,9.563305,8.226654,-1.7057434,-3.0466695,-8.968235,-1.0007186,4.7586155,4.8562384,8.644978,-1.6966345,-2.9313493,-12.215167,-6.682371,-0.26018414,1.5477083,7.2524624,-4.138321,-0.7774149,-4.091056,-3.8824706,-2.0894487,0.99207747,7.1188326,-7.7661843,-2.610023,-1.125957,-2.5020518,-2.6770248,0.571541,6.85696,-8.700286,-6.78117,-4.911357,-5.1415634,-4.9142766,-2.0310493,4.253811,-6.3360467,-8.467746,-8.912453,-8.942051,-8.820557,-7.1931963,-2.0990193
2.3733857,5.101295,0.1506265,5.3258967,11.185686,10.260822,8.238606,0.38063323,1.9491779,-10.893865,-6.3903794,4.3313966,5.793353,8.666922,-1.637231,2.1070027,-8.717855,-8.562495,-1.4141297,1.8495852,7.2708755,-5.630361,0.50874656,-1.1471583,-3.1454496,-2.4330497,0.89110076,7.121922,-8.689393,-3.316669,-1.0266469,-2.276267,-2.6772661,0.49909842,6.8514767,-8.8488865,-7.1898656,-5.1331277,-5.141284,-4.9000707,-2.0373468,4.251174,-6.3348236,-8.464373,-8.906927,-8.936138,-8.81683,-7.191608,-2.098662
-1.8066775,4.7764544,8.127095,8.537444,8.604194,9.490711,8.456755,-7.5709133,-2.100328,1.2360724,1.7657862,1.9930407,4.279317,8.833131,-9.805558,-5.5992413,-2.5968478,-2.1203663,-1.8135573,1.0583919,7.3964224,-9.937464,-5.7020993,-2.6983552,-2.348811,-2.046921,0.94070417,7.3202567,-9.931823,-5.8618546,-2.9007285,-2.634087,-2.3559902,0.68207866,7.081486,-9.157997,-7.566825,-5.3648086,-5.174185,-4.934265,-2.0608366,4.3879995,-6.5197515,-8.71613,-9.177056,-9.212293,-9.090069,-7.4074783,-2.153454
3.6339822,13.41224,3.0283144,-7.730681,3.4288845,12.2006855,10.156112,4.012171,21.53996,-0.46724725,-31.156303,-16.749226,4.1455197,11.230075,3.5624783,26.421356,11.743997,-25.882914,-21.932468,-3.2169669,8.01017,-1.3691792,20.687742,20.816658,0.7934674,-5.4623427,-0.70444065,7.190176,-7.290976,5.599269,13.025933,8.929619,1.9907075,1.0769285,6.9095144,-8.912243,-5.2897005,-1.4686683,-2.0458286,-3.933607,-2.0930262,4.270019,-6.5223145,-8.722041,-9.188171,-9.227746,-9.10152,-7.409651,-2.1515632
-1.5630486,4.9003563,7.3940997,8.207766,9.089784,9.763148,8.4425125,-6.9238915,-1.4384928,-0.56784534,0.30023235,2.6879928,4.872995,8.8439665,-9.129645,-4.3723807,-4.1952667,-4.0412593,-1.6503115,1.4973087,7.4283304,-9.496376,-4.630851,-2.8712647,-3.0630357,-2.254555,1.0130243,7.3324366,-9.800767,-5.3507886,-2.5332346,-2.656252,-2.528841,0.6308653,7.0754886,-9.12233,-7.4477596,-5.253862,-5.1768556,-4.962504,-2.06742,4.3843665,-6.5172496,-8.710523,-9.167923,-9.200199,-9.076572,-7.396161,-2.1503534
0.23215531,3.1098213,4.1657643,8.628727,10.204905,9.767055,8.467768,-2.593812,-3.347369,-7.635978,-0.48771992,4.1710887,4.765197,8.884376,-3.665092,-3.678958,-9.328771,-5.1650534,-0.9191177,1.3762628,7.4578853,-6.237751,-2.2101731,-2.9566677,-3.1395652,-2.2439737,0.9678731,7.335729,-8.843282,-3.9059184,-1.7827657,-2.6200516,-2.620076,0.6247294,7.067831,-9.074057,-7.3473487,-5.264999,-5.234669,-4.980113,-2.0670955,4.3816657,-6.519093,-8.713534,-9.171055,-9.202448,-9.077792,-7.3965497,-2.150327
-1.7642318,4.7853236,8.04694,8.332197,8.419594,9.350048,8.248867,-7.4483685,-1.8778294,1.4626731,1.7880418,1.9891704,4.355344,8.655553,-9.726997,-5.4252973,-2.3711088,-2.0933778,-1.7786369,1.2547569,7.318131,-9.79673,-3.509597,0.40720356,-6.0219116,-7.697853,1.3182046,9.167673,-9.6355095,1.2314408,8.872121,-10.292543,-22.637306,-3.981805,11.21837,-8.779161,2.2248166,14.81759,-5.74285,-27.924257,-13.011706,6.3617983,-6.2525,-3.8054614,6.194092,1.8679725,-10.653215,-10.800019,-2.728685
-1.8027742,4.9255843,8.247724,8.512873,8.610092,9.587192,8.472837,-7.629966,-1.8922021,1.4933745,1.769444,1.9866201,4.461904,8.890785,-9.972951,-5.506395,-2.3939614,-2.1426804,-1.8854724,1.1791939,7.455763,-10.08517,-5.755189,-2.6782887,-2.462048,-2.2361848,0.8520479,7.2666173,-10.007817,-5.9149346,-2.923655,-2.7746274,-2.6219225,0.40344375,6.8467836,-9.162237,-7.4821677,-5.2365837,-5.1376476,-5.0379753,-2.27661,4.1078553,-6.513564,-8.633765,-8.988471,-8.94453,-8.813443,-7.2183127,-2.148048
10.194129,19.19176,-9.480693,-23.71376,6.3710213,17.036531,9.392663,16.553959,34.65072,-15.170495,-56.209858,-14.495643,15.334997,10.66726,17.795706,42.170967,3.901314,-46.797092,-22.062191,5.2489476,8.606531,10.0889435,32.34829,23.721281,-5.300153,-7.3674655,0.48917115,7.2670665,-2.6693082,13.540467,18.836481,9.541245,-0.017881349,-0.006234642,6.758058,-8.302584,-3.4366589,0.12292527,-1.8213247,-4.3651013,-2.187088,4.230196,-6.335086,-8.467387,-8.916403,-8.953032,-8.835447,-7.2046123,-2.1006796
-1.7803023,4.684079,7.9842434,8.355476,8.460143,9.339039,8.2194395,-7.4340844,-2.0576205,1.2792414,1.7610395,2.0414205,4.357146,8.623453,-9.598913,-5.538515,-2.5599258,-2.1225326,-1.7641659,1.1555189,7.2254133,-9.702613,-5.639597,-2.727015,-2.411045,-2.0904698,0.90550196,7.106189,-9.67483,-5.7432094,-2.871419,-2.6257915,-2.359347,0.63086724,6.8628554,-8.912599,-7.366426,-5.2087374,-5.012681,-4.7800813,-1.9928442,4.2622433,-6.34773,-8.4817705,-8.920705,-8.942198,-8.817112,-7.1894956,-2.0971167
24.25029,7.805931,-38.97147,-17.33487,22.120928,16.106041,8.572391,52.97755,29.885653,-83.87116,-70.90558,14.356844,19.311129,9.093418,67.29992,63.95434,-70.11188,-84.40617,-4.1001287,11.74715,7.398458,52.916107,72.94723,-6.148136,-33.942688,-6.857042,3.1796112,7.098185,24.68059,45.33706,28.962812,5.50368,-2.232867,-0.083828196,6.8213267,2.1470177,13.155109,11.681442,1.2678397,-4.7894797,-2.4196324,4.2373877,-5.988468,-7.8936043,-8.449606,-9.316615,-9.235222,-7.3037133,-2.1088762
9.13559,20.87424,-2.0675163,-26.840103,-2.5138667,17.415854,11.005389,12.065786,34.556957,9.460716,-48.988853,-34.551304,9.830292,14.597418,9.430666,37.352524,33.038044,-31.14856,-41.16642,-2.3496883,12.297918,0.60284823,27.17599,37.71444,3.9915228,-14.074422,-2.1834042,8.089827,-6.8989935,9.241607,20.98689,14.237416,2.9682848,0.6427781,6.443718,-8.759006,-4.45942,0.7814045,0.61453295,-2.6448355,-2.1583128,4.0316153,-6.3794904,-8.50984,-8.94469,-9.011622,-8.950387,-7.2954707,-2.1354296
3.7784595,16.761883,10.533553,-17.249655,-7.414553,16.49406,12.26141,5.0227275,29.861998,21.24154,-45.60397,-46.07976,9.334156,17.23229,5.2466955,37.317364,42.49574,-35.684963,-55.434162,-4.1529274,14.336879,0.41580078,29.99017,43.80436,3.511646,-18.641853,-3.2499218,8.289209,-6.3370934,12.510387,26.412277,19.394373,5.3033304,0.94321775,6.2581053,-8.560379,-2.9927313,3.48566,3.1794593,-1.4191532,-1.9998093,4.0079374,-6.3353415,-8.443932,-8.881071,-8.98419,-8.956942,-7.2971983,-2.1294584
3.9493146,7.3695183,-2.0994997,0.8324124,10.616303,10.988748,8.261513,2.0285056,5.980411,-10.180611,-11.180864,1.9849972,6.2090154,8.659286,-1.0783566,5.4247317,-4.5772467,-8.5795145,-2.6902504,1.6097449,7.2271833,-5.9610143,1.4681406,1.6242985,-1.4456556,-2.2528524,0.72877955,7.104634,-8.933105,-3.4951615,-0.7481879,-1.8660395,-2.4667995,0.5546277,6.894722,-8.893471,-7.3240585,-5.217767,-5.106608,-4.844964,-1.9904687,4.3086433,-6.339491,-8.474878,-8.928557,-8.9718,-8.862437,-7.2284403,-2.1002004
-1.8809074,5.2098002,8.706438,8.49984,8.539935,10.20158,9.098108,-7.9524097,-1.841633,1.891215,1.1943414,0.8195355,4.630216,9.72329,-10.352706,-5.5206327,-1.915328,-2.5588102,-3.1750154,0.9544685,8.091422,-10.434588,-5.7895513,-2.3048506,-2.3423269,-2.5768235,0.8246533,7.719341,-10.37525,-6.023095,-2.767221,-2.526813,-2.4932678,0.6206671,7.3798103,-9.550873,-7.8179717,-5.4956727,-5.314177,-5.1369452,-2.1635463,4.591481,-6.82114,-9.125126,-9.613338,-9.651154,-9.517435,-7.742156,-2.2346685
4.9325094,15.596173,4.2733707,-13.52691,0.57552207,16.19252,11.276191,10.4335575,33.131893,8.196626,-53.159763,-38.45716,14.64735,17.226046,14.595127,49.418476,35.13982,-59.662518,-66.861885,-0.11220156,17.491411,11.722362,46.36989,54.97344,-16.672304,-40.085194,-5.7490373,11.179574,0.34767032,27.6052,42.57398,20.308619,-1.6409335,-0.843215,6.865954,-7.3403587,5.324693,16.286028,12.7375965,2.164726,-1.6634531,3.953219,-6.4099374,-8.046677,-7.0579495,-7.2966714,-8.883006,-7.7509227,-2.283008
1.5972592,5.036253,1.8381722,6.234535,11.187256,10.566538,8.464296,3.29567,2.2867196,-16.732721,-10.227429,6.206427,7.327859,8.87432,6.1992316,7.1615205,-19.908957,-19.817793,-0.94644934,3.6356456,7.4607716,3.1962337,10.0260105,-4.565699,-9.470322,-2.845932,1.5961437,7.3679347,-4.6701155,3.6533597,3.2454362,-1.145596,-2.678572,0.5219185,7.1084466,-8.549259,-4.9947963,-3.0521038,-4.5805736,-5.177304,-2.163751,4.3951306,-6.526282,-8.742705,-9.250787,-9.319229,-9.162661,-7.4315386,-2.1581364
0.4535426,2.530554,4.0787287,8.871104,9.993079,9.4290495,8.176131,2.141634,-7.253048,-14.869134,-0.32984748,6.478636,4.858663,8.51662,7.6037164,-6.2887297,-25.163454,-9.755547,2.2627568,1.8458717,7.132738,7.666087,2.4096406,-12.995539,-7.849069,-0.8714432,1.3314079,7.1333547,-0.76331264,3.5496032,-0.19523549,-2.784267,-2.5321667,0.7511063,6.9387417,-7.2914414,-3.5607543,-2.8626952,-4.7689047,-5.057175,-2.0263236,4.282883,-6.3089943,-8.470681,-9.04559,-9.146455,-8.947707,-7.240316,-2.1126952
-1.5154923,7.019777,8.784808,4.201864,6.224553,11.053733,9.212161,-6.8681192,4.1020665,5.4597454,-8.4728,-7.4506087,5.9255157,10.613929,-9.112177,2.8303714,6.479558,-9.702654,-13.122859,0.31786838,8.863929,-9.51837,0.30311236,6.3432207,-0.75873554,-4.9695625,0.15872999,7.534978,-9.82572,-3.5977588,1.7784742,1.2910519,-1.0178868,0.54020226,6.923432,-9.129435,-7.1495357,-4.3935304,-4.224916,-4.664708,-2.1646976,4.322256,-6.517128,-8.710581,-9.1685915,-9.201805,-9.079377,-7.399181,-2.1522324
-1.5840645,4.960515,7.3839984,7.8828573,8.883767,9.808315,8.468288,-7.1754127,-1.463911,0.24650432,0.26016173,1.9832996,4.746765,8.886283,-9.46942,-4.6660643,-2.890094,-3.245424,-2.1682508,1.2514156,7.4538746,-9.787132,-5.076005,-2.300014,-2.4609036,-2.2828274,0.8932094,7.327574,-9.88865,-5.6147113,-2.6006877,-2.549216,-2.4295828,0.62976646,7.0630727,-9.150015,-7.5325794,-5.314521,-5.139712,-4.9187293,-2.0547423,4.382965,-6.5173535,-8.710412,-9.166834,-9.197659,-9.073227,-7.3929563,-2.1485453
-1.7600695,4.7844644,8.025326,8.265138,8.325704,9.267997,8.205987,-7.4299464,-1.8549212,1.461145,1.7082249,1.8497766,4.2395377,8.609248,-9.683328,-5.365589,-2.2999637,-2.0528388,-1.8799951,1.0670807,7.2334104,-9.785867,-5.591577,-2.5496657,-2.2808778,-2.0838764,0.8850473,7.1335983,-9.7174,-5.7595587,-2.80585,-2.5442498,-2.3274326,0.6278052,6.8761415,-8.910159,-7.3488827,-5.1837015,-5.0009046,-4.7907505,-2.0160387,4.2520194,-6.3418984,-8.470495,-8.912309,-8.9432745,-8.826398,-7.202263,-2.1051812
7.900751,12.891306,-6.577877,-12.598283,7.2286534,14.222314,9.069896,14.446024,16.370153,-21.707912,-34.3242,-4.5816903,10.509241,9.820096,19.411036,21.591383,-18.665245,-30.143318,-7.850804,3.7940428,7.910078,16.589302,22.111534,-0.84221387,-8.047528,-2.607179,0.9785286,7.2373123,5.4714704,13.380404,8.591426,2.0636199,-1.624047,0.22601677,6.886062,-5.330065,-0.347759,-0.013524227,-3.4777546,-5.099766,-2.1972036,4.2753334,-6.1284037,-8.254555,-8.974481,-9.216886,-9.023717,-7.290021,-2.1264942
-1.8044081,4.9287677,8.257637,8.485445,8.520989,9.48004,8.415938,-7.6317368,-1.8783983,1.5346242,1.74635,1.8281937,4.2493954,8.768656,-9.972685,-5.463495,-2.2652242,-2.0360508,-1.9448441,1.0058537,7.3353767,-10.091246,-5.705287,-2.4875324,-2.1761992,-2.030911,0.92401433,7.288496,-10.025301,-5.920762,-2.798172,-2.457167,-2.2390037,0.7326298,7.0835423,-9.188047,-7.589298,-5.3261766,-5.085554,-4.848794,-2.0121274,4.397373,-6.5313144,-8.732497,-9.187786,-9.209892,-9.076966,-7.3932037,-2.1487455
-1.7927817,5.0160856,8.151974,8.137662,8.629845,9.859105,8.53216,-7.580981,-1.3330706,1.4414734,0.15042493,1.5234793,5.307446,9.107979,-9.883057,-4.5722537,-1.947688,-4.3461637,-3.176305,1.8766317,7.751647,-9.988332,-4.849029,-1.8834814,-3.3999681,-3.0102787,1.024674,7.46805,-9.950851,-5.5384874,-2.3976932,-2.5647032,-2.5968826,0.49083078,7.066171,-9.147635,-7.464049,-5.197005,-5.096159,-5.027474,-2.1467538,4.360185,-6.5178156,-8.71305,-9.175626,-9.214106,-9.093344,-7.4085145,-2.155644
3.1774187,5.4032793,-1.2487496,3.8304312,11.446547,10.697489,8.207918,4.264863,3.8559127,-16.61998,-12.604912,4.534029,7.1923614,8.606718,5.060379,7.8445277,-14.11529,-16.757925,-2.3774269,2.9006717,7.226497,0.10003322,7.6860943,-0.17640194,-5.3912516,-2.8226683,1.1111083,7.1284733,-6.340962,1.0592048,2.5407956,-0.86760277,-2.5542655,0.44857806,6.8778787,-8.5935335,-6.0999465,-4.0918207,-4.8027015,-4.961184,-2.0742784,4.2582226,-6.3365726,-8.4688835,-8.914841,-8.946075,-8.825639,-7.1980286,-2.1018043
23.478258,-10.888642,-32.780422,10.507257,12.759352,-4.3928328,10.531974,43.83032,-8.839687,-59.151108,1.6868863,4.3270984,-29.439426,1.8690963,48.13336,12.806647,-37.471943,7.405463,5.962154,-28.175505,-3.6090941,32.623127,29.478765,6.1915364,18.23018,13.474667,-2.6076877,4.236354,11.430356,19.952301,15.710919,11.702788,9.685665,7.262608,8.334671,-5.405252,-0.7822219,-0.34514546,-2.0345767,-1.8617882,-0.29040423,4.4702864,-6.346805,-8.478613,-8.936311,-8.992349,-8.900905,-7.2799077,-2.1314554
-1.7528563,4.7868996,7.9934416,8.218917,8.313757,9.291917,8.218384,-7.41166,-1.8339672,1.4267094,1.6342185,1.8301944,4.282917,8.62636,-9.6549835,-5.317719,-2.3073707,-2.1237102,-1.9102821,1.0968275,7.232993,-9.760319,-5.5424066,-2.5305629,-2.3174188,-2.1140075,0.8856712,7.1120663,-9.699971,-5.733303,-2.7875042,-2.5539691,-2.3400142,0.62792104,6.862116,-8.899527,-7.3449616,-5.1805377,-4.996293,-4.7780824,-1.9966236,4.259583,-6.334136,-8.46353,-8.906531,-8.9362,-8.8166895,-7.1907206,-2.0977979
-1.8854501,5.0796394,8.573011,8.900028,9.012415,10.026306,8.884117,-7.946763,-2.099166,1.4501595,1.8343874,2.0919569,4.66016,9.302617,-10.331394,-5.833528,-2.6093872,-2.2498095,-1.938912,1.2426507,7.801728,-10.444608,-5.98804,-2.8088562,-2.5033631,-2.2147944,1.0034741,7.6814003,-10.416986,-6.143182,-3.026866,-2.7624726,-2.4972756,0.7090671,7.41315,-9.593952,-7.899838,-5.5838485,-5.3776193,-5.130479,-2.1295943,4.6024256,-6.8350716,-9.138369,-9.616693,-9.646279,-9.5087185,-7.7341824,-2.2328963
-1.3410102,4.81592,6.8165836,8.083591,9.3225765,9.788732,8.474156,-6.855581,-1.5815352,-0.22436932,0.79349256,2.5141716,4.676832,8.886623,-9.389563,-4.9331,-3.0860333,-2.709917,-1.8212171,1.266316,7.4453735,-9.856604,-5.3697343,-2.5880678,-2.5360878,-2.269969,0.9272419,7.3183613,-9.96526,-5.8543096,-2.904006,-2.7462595,-2.4705365,0.64174706,7.0636497,-9.179708,-7.596757,-5.37055,-5.161867,-4.915584,-2.0453007,4.3877873,-6.523993,-8.720674,-9.176334,-9.202797,-9.073774,-7.3910427,-2.1469977
-1.7681395,4.7779093,8.041157,8.3415365,8.442641,9.364469,8.24563,-7.452843,-1.915599,1.3773736,1.7054904,1.9659821,4.3808155,8.6768465,-9.689852,-5.4411163,-2.4619842,-2.1839755,-1.8625869,1.1617292,7.2835765,-9.774683,-5.6313167,-2.6875148,-2.455706,-2.166351,0.8893094,7.139011,-9.702153,-5.7630734,-2.8635259,-2.6499503,-2.403092,0.6092695,6.87939,-8.899635,-7.347495,-5.1983304,-5.0315404,-4.8113384,-2.009176,4.2786894,-6.33731,-8.471174,-8.921114,-8.959211,-8.846277,-7.2171326,-2.1021643
-1.753784,4.787209,7.9974585,8.202641,8.263493,9.240737,8.203934,-7.411086,-1.8264507,1.439098,1.5999981,1.7203548,4.1651335,8.592418,-9.650349,-5.2844176,-2.2447777,-2.1066523,-1.9995097,0.9772289,7.19619,-9.754255,-5.487588,-2.4222925,-2.2192514,-2.1014104,0.84411407,7.0994034,-9.696187,-5.6884522,-2.6921165,-2.4373925,-2.2680938,0.6461487,6.865705,-8.898402,-7.3283277,-5.144323,-4.949918,-4.747363,-1.9870315,4.260205,-6.334491,-8.463783,-8.906303,-8.936003,-8.8172,-7.1922436,-2.0990436
-1.7631779,4.8179,8.0592375,8.230898,8.264722,9.270385,8.245406,-7.450413,-1.7996545,1.5465094,1.6773369,1.7204676,4.197779,8.670718,-9.741673,-5.310563,-2.166312,-2.0100338,-1.9853107,0.9944352,7.265443,-9.8538265,-5.5936747,-2.4596426,-2.192935,-2.0973616,0.8353702,7.1213536,-9.76888,-5.812124,-2.797469,-2.4909563,-2.3098772,0.6098078,6.854696,-8.931282,-7.4026875,-5.224474,-5.0138397,-4.791638,-2.0162754,4.248547,-6.342568,-8.477626,-8.921451,-8.947936,-8.824678,-7.1973443,-2.1019268
4.49588,7.72088,-2.998636,0.3774281,11.738851,11.751635,8.441313,8.381464,10.481099,-21.202505,-23.892328,3.1917412,9.617319,8.809896,11.312225,19.031265,-16.481974,-29.735085,-5.912705,4.4945445,7.381466,5.839789,18.566023,3.5995498,-8.849571,-4.2741327,1.3538576,7.340875,-4.018969,6.854881,8.231146,1.9546262,-2.051777,0.3690171,7.117124,-8.57504,-4.6605186,-2.1821175,-3.811518,-4.948607,-2.159923,4.4030313,-6.531134,-8.742658,-9.217811,-9.255168,-9.120306,-7.424141,-2.1586287
-1.7458029,5.4581394,9.9310055,6.8417974,4.324919,9.009907,9.347893,-7.389603,-0.77578163,5.0044003,1.0024214,-4.33634,2.2979748,9.851747,-9.604822,-4.1977305,1.3814105,-0.6969913,-4.661188,-0.3233021,7.5527544,-9.727172,-4.970386,-0.6579252,-0.44032815,-1.5483489,0.7107901,6.9892983,-9.7070055,-5.5317063,-2.1948762,-1.844901,-2.0565064,0.4965418,6.7806034,-8.93579,-7.3519416,-5.159765,-5.001137,-4.8401527,-2.0644994,4.251829,-6.365288,-8.50263,-8.936829,-8.955882,-8.839635,-7.217831,-2.1066604
0.6533032,10.010166,4.3038945,-1.1561277,7.7981853,11.869192,8.578673,-3.155419,9.879271,-0.857814,-15.863757,-3.2913024,7.895978,9.238391,-5.520701,8.6702385,2.1727748,-13.717286,-7.4161034,2.5269582,7.6620903,-7.7117524,3.146832,4.860388,-2.0105462,-3.1024895,0.75384617,7.2184916,-9.30621,-2.7254522,1.306356,-0.15120442,-2.0558121,0.33930153,6.8855324,-8.933686,-7.05857,-4.710058,-4.79193,-4.9295516,-2.121099,4.284275,-6.3961635,-8.550588,-8.990832,-9.007488,-8.887076,-7.257564,-2.1167269
1.9601697,4.359266,0.82445943,5.671136,10.627575,10.089292,8.23975,0.77091074,0.719985,-11.703904,-6.663461,3.885784,5.5746922,8.614015,-0.020219244,2.1383028,-10.284945,-9.728239,-1.6512152,1.7431228,7.209883,-4.0258327,1.9021568,-0.9992326,-3.2282865,-2.2370365,0.94609463,7.139578,-8.02279,-2.1938336,-0.0955292,-1.7494261,-2.43954,0.58383226,6.9011045,-8.836229,-7.014394,-4.997145,-5.1188574,-4.922165,-2.0456192,4.262342,-6.374954,-8.53261,-8.988393,-9.01308,-8.876897,-7.2291617,-2.1120062
-1.5329884,5.224985,7.159623,7.061758,8.701737,9.9296,8.292838,-7.002694,-0.70835465,0.4469364,-0.973231,1.636732,5.2238417,8.750763,-9.266923,-3.8518677,-2.4147124,-4.0410514,-2.4512396,1.5079377,7.332047,-9.588557,-4.697481,-2.0105639,-2.5743146,-2.364899,0.8413898,7.133732,-9.665895,-5.4669633,-2.503745,-2.5460846,-2.4946842,0.5312324,6.8488235,-8.924464,-7.3725057,-5.21144,-5.0501776,-4.832367,-2.025182,4.251646,-6.3521194,-8.490308,-8.931246,-8.951473,-8.822883,-7.192129,-2.0981617
0.3047903,10.989893,7.272749,-3.7651417,3.9905672,12.37586,9.225386,-4.562796,9.66183,5.1805925,-13.006302,-7.151136,6.2862597,9.793976,-7.5374937,5.2254586,5.9311295,-6.467931,-6.5479984,1.1653754,7.6891637,-9.097741,-0.73892003,3.8159313,0.75262994,-1.8085804,0.55877143,7.0983768,-9.6224575,-4.5532036,-0.7958074,-1.1694944,-2.2057743,0.39776924,6.8548555,-8.940869,-7.351753,-5.2018194,-5.0871797,-4.9056745,-2.056542,4.2920713,-6.3728724,-8.51304,-8.9614725,-9.000321,-8.888951,-7.2510715,-2.1111748
-1.7446189,4.7976074,8.057635,7.9834557,7.719342,9.155161,8.400109,-7.3728065,-1.7304333,1.8508451,1.3991205,0.14868006,3.3644166,8.936607,-9.582132,-5.032629,-1.3978362,-1.70357,-3.4658313,-0.17821024,7.2817974,-9.730173,-5.2322755,-1.5821979,-1.3292196,-2.1602433,0.54998815,7.055052,-9.749218,-5.5775385,-2.2589664,-1.7718831,-1.7410767,0.88003063,6.909182,-9.007448,-7.4153047,-5.133371,-4.823863,-4.5826726,-1.8821987,4.323738,-6.427011,-8.612089,-9.07783,-9.093875,-8.93255,-7.246595,-2.1047661
